head,tail
P27361,P51170
P27361,Q13522
P27361,Q96RK0
P27361,P24941
P27361,C9JLW8
P27361,P56270
P27361,P03372
P27361,P49585
P27361,Q2M1Z3
P27361,O95997
P27361,P49023
P27361,P17542
P27361,P17676
P27361,Q16559
P27361,Q9UHB6
P27361,O43561
P27361,Q15366
P27361,P84022
P27361,Q15648
P27361,P43694
P27361,Q9BR01
P27361,Q9NRA0
P27361,Q9UIG0
P27361,P49675
P27361,P10828
P27361,O75581
P27361,P15923
P27361,P31645
P27361,Q05682
P27361,Q12929
P27361,P10415
P27361,Q15596
P27361,P20339
P27361,Q13614
P27361,Q01844
P27361,P05787
P27361,P14598
P27361,Q9UBN7
P27361,Q07869
P27361,Q15831
P27361,Q13541
P27361,P78536
P27361,Q08499
P27361,P46527
P27361,Q14790
P27361,P42702
P27361,Q9UPT5
P27361,P33981
P27361,P29590
P27361,Q9ULC4
P27361,P17861
P27361,P53004
P27361,P55211
P27361,P00533
P27361,Q13950
P27361,P35236
P27361,Q15046
P27361,P16949
P27361,Q92908
P27361,Q969H0
P27361,P15036
P27361,P23443
P27361,O95644
P27361,P02686
P27361,P14784
P27361,P17535
P27361,Q01196
P27361,P37231
P27361,Q9NRF2
P27361,Q8N122
P27361,P49790
P27361,Q12772
P27361,P28698
P27361,P61586
P27361,Q14005
P27361,Q09472
P27361,P35228
P27361,P15056
P27361,Q05469
P27361,P18545
P27361,O60331
P27361,P05412
P27361,P27361
P27361,P63000
P27361,Q05209
P27361,P49407
P27361,Q8WX93
P27361,P15336
P27361,Q13485
P27361,P35568
P27361,P24928
P27361,P33076
P27361,P14921
P27361,Q12800
P27361,Q92934
P27361,P32121
P27361,P07101
P27361,O43521
P27361,O60674
P27361,Q16254
P27361,Q96FF9
P27361,Q8IZP0
P27361,P11388
P27361,Q96Q27
P27361,Q04637
P27361,Q13153
P27361,Q92974
P27361,P42229
P27361,O43524
P27361,Q13362
P27361,P40763
P27361,P17600
P27361,Q02750
P27361,O75582
P27361,P49841
P27361,Q07889
P27361,Q07812
P27361,Q969V6
P05771,P61764
P05771,P28799
P05771,P49768
P05771,P62491
P05771,P10636
P05771,P55042
P05771,Q9UBS0
P05771,P20700
P05771,P30086
P05771,P11171
P05771,P19429
P05771,P49840
P05771,P56537
P05771,O15350
P05771,P14598
P05771,P05107
P05771,P35637
P05771,Q12906
P05771,P11473
P05771,Q9BXL7
P05771,Q9H1D0
P05771,P98082
P05771,P04004
P05771,O95786
P05771,Q99418
P05771,Q05639
P05771,Q9P2D0
P05771,P19484
P05771,P41180
P05771,O15519
P05771,P26010
P05771,P05771
P05771,P35548
P05771,P21730
P05771,Q9Y4H2
P05771,P29353
P05771,P31749
P05771,P07355
P05771,P16949
P05771,Q01844
P05771,P14679
P05771,P43629
P05771,Q5T7P8
P05771,Q9UBU3
P05771,P06730
P05771,Q92686
P05771,P48736
P05771,Q96PH1
Q13555,P00533
Q13555,P21817
Q13555,Q9UQL6
Q13555,P42261
Q13555,Q01970
Q13555,P42224
Q13555,P21333
Q13555,P35270
Q13555,P07101
Q13555,P28329
Q13555,O60266
Q13555,P55042
P00533,Q9UK17
P00533,Q05655
P00533,Q8TDY4
P00533,P14618
P00533,P09211
P00533,P51692
P00533,Q9P0J1
P00533,O60716
P00533,P21860
P00533,P25098
P00533,P04083
P00533,Q92952
P00533,O14828
P00533,Q8IVM0
P00533,P37231
P00533,O75886
P00533,P0DP23
P00533,O15126
P00533,Q96TA1
P00533,P62993
P00533,O14939
P00533,P67775
P00533,Q13315
P00533,P35222
P00533,Q13480
P00533,P61925
P00533,Q8NFJ5
P00533,P15941
P00533,P22681
P00533,P42566
P00533,P29353
P00533,P24844
P00533,P30530
Q13177,Q05682
Q13177,P17600
Q13177,Q04637
Q13177,P31152
Q13177,P01236
Q13177,P35240
Q13177,Q15796
Q13177,P55210
Q13177,Q15746
Q13177,P01106
Q13177,P62805
Q9NYY3,P62258
Q9NYY3,P53350
Q9NYY3,Q969H0
Q9NYY3,O43852
Q9NYY3,Q16143
Q9NYY3,O43166
Q9NYY3,O15350
P45985,P45984
P45985,P19793
P45985,P45983
P45984,Q9UPT6
P45984,P40763
P45984,P01106
P45984,P05412
P45984,P84243
P45984,P55957
P45984,P19793
P45984,P23443
P45984,P15036
P45984,P31645
P45984,Q8WYK2
P45984,Q12968
P45984,P46937
P45984,O95140
P45984,P49768
P45984,Q8IW41
P45984,Q9UQF2
P45984,P63104
P45984,Q9UIG0
P45984,P16949
P45984,P54259
P45984,O43521
P45984,P05067
P45984,O43602
P45984,O00418
P45984,P50616
P45984,P42224
P06493,Q9Y5N6
P06493,P54132
P06493,Q99666
P06493,Q14807
P06493,Q86WB0
P06493,Q8IZP0
P06493,P33316
P06493,Q14493
P06493,Q53EZ4
P06493,Q9BXS6
P06493,Q13415
P06493,P31948
P06493,P30260
P06493,P30101
P06493,Q12778
P06493,Q9H9S0
P06493,O94916
P06493,P0C1Z6
P06493,Q14005
P06493,Q03060
P06493,Q38SD2
P06493,Q14739
P06493,Q8TF76
P06493,O75154
P06493,Q9Y3Z3
P06493,P18858
P06493,P38398
P06493,P46013
P06493,P35611
P06493,O00562
P06493,O15392
P06493,Q96KB5
P06493,Q06413
P06493,P40763
P06493,O15350
P06493,P51587
P06493,Q9NZH5
P06493,A6NKT7
P06493,P35251
P06493,O75122
P06493,P48200
P06493,P30305
P06493,P17302
P06493,O60331
P06493,Q9NZT2
P06493,Q9H1E3
P06493,O15446
P06493,Q9Y6I3
P06493,P82970
P06493,O43683
P06493,Q96Q89
P06493,Q9UNZ2
P06493,P39880
P06493,O95835
P06493,Q9NZJ0
P06493,P27824
P06493,Q5BJF6
P06493,Q9NQX3
P06493,P10412
P06493,O15151
P06493,Q05682
P06493,Q9UJX2
P06493,Q9Y5T5
P06493,Q92574
P06493,P10415
P06493,Q8N122
P06493,O00399
P06493,P50570
P06493,O14974
P06493,P33993
P06493,Q9ULC4
P06493,Q9UPP1
P06493,P43307
P06493,P29590
P06493,Q9UQR0
P06493,P16949
P06493,P24928
P06493,Q96C19
P06493,P49715
P06493,Q6PGQ7
P06493,Q2M2I8
P06493,O94782
P06493,O60701
P06493,Q99728
P06493,Q93045
P06493,P16220
P06493,Q9Y4H2
P06493,Q9HCH0
P06493,P13051
P06493,Q9UHD8
P06493,P11387
P06493,Q12888
P06493,P47736
P06493,Q9UK53
P06493,O43521
P06493,O95251
P06493,Q08379
P06493,Q01167
P06493,O00429
P06493,Q7Z3J3
P06493,P30304
P06493,Q12959
P06493,Q01094
P06493,Q14247
P06493,Q13428
P06493,Q14203
P06493,P17096
P06493,Q02880
P06493,P46060
P06493,P46937
P06493,Q8IZD2
P06493,P49916
P06493,P05412
P06493,Q9BPX3
P06493,Q8WWK9
P06493,P00519
P06493,P20338
P06493,Q16659
P06493,P48681
P06493,Q2NKX8
P06493,O00571
P06493,Q14674
P06493,O75152
P06493,Q13586
P06493,P17706
P06493,O14715
P06493,Q9UJ70
P06493,P22314
P06493,Q15910
P06493,Q06830
P06493,Q96R06
P06493,Q07820
P06493,P54578
P06493,Q14978
P06493,O14773
P06493,O00418
P06493,P21333
P06493,P15172
P06493,Q9GZM8
P06493,P23769
P06493,P05067
P06493,Q96JH7
P06493,O43663
P06493,Q14790
P06493,P31350
P06493,P19338
P06493,P06400
P06493,Q14157
P06493,Q16665
P06493,Q92934
P06493,O14994
P06493,P10636
P06493,Q8TAP9
P06493,Q5FBB7
P06493,Q16513
P06493,P11388
P06493,Q96RL1
P06493,P11171
P06493,Q8IWB6
P06493,Q9BYG3
P06493,Q9H4X1
P06493,P22392
P06493,P14635
P06493,P04637
P06493,P33991
P06493,O60610
P06493,Q99638
P06493,P49792
P06493,Q13541
P06493,Q9UQ35
P06493,Q8IX03
P06493,P52732
P06493,Q14643
P06493,Q8TEM1
P06493,Q02952
P06493,P18031
P06493,Q14244
P06493,Q9UJX5
P06493,O14980
P06493,Q8NHV4
P06493,P10275
P06493,P42166
P06493,P27361
P06493,P26368
P06493,O00311
P31749,P98170
P31749,Q9HBH7
P31749,P09601
P31749,Q06187
P31749,Q99623
P31749,Q7Z6J0
P31749,P29474
P31749,O14757
P31749,O15151
P31749,P60484
P31749,Q96QB1
P31749,P17542
P31749,Q9Y261
P31749,Q9Y2I7
P31749,Q9UBP6
P31749,P49815
P31749,Q99490
P31749,P08727
P31749,O14746
P31749,P19174
P31749,P14598
P31749,P42858
P31749,P38936
P31749,P02545
P31749,P46937
P31749,P05455
P31749,Q9Y3C5
P31749,Q8WX93
P31749,Q16875
P31749,P00533
P31749,P04792
P31749,P67809
P31749,P84022
P31749,Q8NCD3
P31749,Q13370
P31749,P49918
P31749,P48431
P31749,Q6R327
P31749,Q99418
P31749,Q53EL6
P31749,Q8IYJ3
P31749,Q12906
P31749,Q13950
P31749,Q9H4A3
P31749,Q86YN6
P31749,P26358
P31749,Q16763
P31749,P46527
P31749,Q92793
P31749,P45985
P31749,P04150
P31749,P42345
P31749,P38398
P31749,P21333
P31749,Q86TI0
P31749,Q99683
P31749,Q7Z589
P31749,P54253
P31749,P22736
P31749,Q14957
P31749,P07550
P31749,P10275
P31749,Q92879
P31749,Q9BRQ0
P31749,Q9H4X1
P31749,P35568
P31749,Q14315
P31749,Q15365
P31749,Q92794
P31749,Q9H3Z4
P31749,Q13107
P31749,Q13009
P31749,P35232
P31749,Q15027
P31749,Q9H9Q4
P31749,P78362
P31749,P17302
P31749,P53365
P31749,Q7Z5H3
P31749,P68400
P31749,P54646
P31749,P26678
P31749,P09651
P31749,P53804
P31749,O60331
P31749,P23769
P31749,P55211
P31749,P33778
P31749,Q9Y3M2
P31749,O60825
P31749,Q9UN36
P31749,Q13188
P31749,O15111
P31749,Q13043
P31749,P56270
P31749,Q96B36
P31749,Q92547
P31749,Q9GZV1
P31749,Q86VP3
P31749,Q07812
P31749,P05106
P31749,Q15910
P31749,P78371
P31749,P54578
P31749,Q14643
P31749,Q05195
P31749,Q9Y2V2
P31749,P98177
P31749,Q9NZJ5
P31749,O60343
P31749,O43524
P31749,P63000
P31749,Q14457
P31749,Q01860
P31749,Q8N6T7
P31749,O43521
P31749,Q9BZQ8
P31749,O43464
P31749,Q13131
Q13153,Q9Y2X7
Q13153,P29466
Q13153,P51114
Q13153,P68431
Q13153,Q9Y6X9
Q13153,Q02750
Q13153,Q92974
Q13153,P21333
Q13153,P16949
Q13153,P35240
Q13153,P04049
Q13153,P03372
Q13153,Q92934
Q13153,P78545
Q13153,O15143
Q13153,P35222
Q13153,P10398
Q13153,P31749
Q13153,P36871
Q13153,Q15746
Q13153,Q8IYU2
Q13153,Q96A00
Q13153,P46108
Q13153,P17600
Q13153,P53667
Q13153,Q12778
Q13153,P18669
Q13153,Q15365
Q13153,Q99426
Q13153,Q13233
Q13153,P52565
P15056,P15056
P15056,P33981
P15056,Q05639
P15056,Q02750
P15056,Q92934
P49841,Q07820
P49841,Q04206
P49841,P30279
P49841,O75952
P49841,Q01201
P49841,P49768
P49841,O75581
P49841,Q92837
P49841,Q8N122
P49841,P13807
P49841,Q96G01
P49841,P58012
P49841,O75030
P49841,O60346
P49841,P17275
P49841,P20393
P49841,Q9UKA4
P49841,P60484
P49841,P36956
P49841,Q13144
P49841,Q02156
P49841,Q15746
P49841,Q9UQB3
P49841,Q9HB09
P49841,P08047
P49841,P05067
P49841,E9PAV3
P49841,Q16555
P49841,O75122
P49841,P10636
P49841,P35222
P49841,P49715
P49841,P54252
P49841,Q92993
P49841,Q8NHW3
P49841,Q9H0Z9
P49841,P15941
P49841,Q15853
P49841,P33076
P49841,Q9UMX1
P49841,P41236
P49841,P17676
P49841,P49716
P49841,Q13131
P49841,P01106
P49841,Q96F46
P49841,P01112
P49841,P53396
P49841,Q01974
P49841,P38936
P49841,P40337
P49841,Q99626
P49841,Q07812
P49841,O43623
P49841,O15169
P49841,P23246
P49841,Q6R327
P49841,O43602
P49841,Q96R06
P49841,O95863
P49841,Q04721
P49841,Q14103
P49841,Q9BYG3
P49841,P12036
P49841,P30291
P49841,P50219
P49841,O95271
P49841,P11388
P43405,P42229
P43405,P78314
P43405,Q9ULZ3
P43405,Q14289
P43405,Q8WV28
P43405,P10636
P43405,P05106
P43405,O14986
P43405,P31995
P43405,P22681
P43405,P52566
P43405,P05771
P43405,P02730
P43405,P15498
P43405,P14317
P43405,P13569
P43405,Q8N6F7
P43405,P30307
P43405,P17252
P43405,P68366
P43405,P43405
P43405,P25963
P43405,P37840
P43405,Q13094
P36897,Q15796
P36897,P17813
P36897,Q9H3D4
P68400,O75496
P68400,O95477
P68400,Q9UHC3
P68400,Q9UQE7
P68400,O14950
P68400,Q9NYV6
P68400,P04818
P68400,P06127
P68400,Q9Y6W5
P68400,P49716
P68400,Q9UER7
P68400,O15379
P68400,P45973
P68400,Q14493
P68400,P67870
P68400,Q14676
P68400,Q13133
P68400,P01106
P68400,P46527
P68400,Q15003
P68400,Q16666
P68400,P60983
P68400,P08195
P68400,P18858
P68400,Q03014
P68400,P06493
P68400,Q14940
P68400,P23760
P68400,P08833
P68400,O60341
P68400,O43156
P68400,O75582
P68400,P18146
P68400,P32121
P68400,P18031
P68400,Q92688
P68400,Q6FHW4
P68400,Q9UKX2
P68400,Q9UKD2
P68400,Q96SB4
P68400,P04198
P68400,P10243
P68400,Q01082
P68400,Q13323
P68400,Q9Y365
P68400,P49427
P68400,P17936
P68400,P24046
P68400,P20042
P68400,P24534
P68400,Q8NE71
P68400,P55087
P68400,P06744
P68400,P04004
P68400,Q16623
P68400,Q06609
P68400,Q92784
P68400,P38398
P68400,Q9H257
P68400,P02671
P68400,P08473
P68400,P83916
P68400,P10451
P68400,P53999
P68400,O75925
P68400,P56270
P68400,P08238
P68400,P30519
P68400,P18887
P68400,P42768
P68400,P02649
P68400,P27695
P68400,O14737
P68400,P33527
P68400,Q02790
P68400,Q9ULV4
P68400,P32004
P68400,P48426
P68400,P46531
P68400,P41236
P68400,Q15653
P68400,P17931
P68400,P10242
P68400,Q15084
P68400,P10244
P68400,P52952
P68400,Q6VY07
P68400,Q92915
P68400,P25490
P68400,P16220
P68400,P18846
P68400,Q15596
P68400,Q93009
P68400,Q13085
P68400,O95786
P68400,Q9BPX3
P68400,Q02078
P68400,Q03135
P68400,P50895
P68400,P06401
P68400,Q9H2G2
P68400,P68400
P68400,P40337
P68400,P14598
P68400,P35580
P68400,P14317
P68400,Q9UHH9
P68400,P09629
P68400,Q16665
P68400,O60671
P68400,Q13829
P68400,Q13563
P68400,Q12972
P68400,O00170
P68400,Q96EB6
P68400,O15259
P68400,Q13144
P68400,Q96HZ4
P68400,P35638
P68400,P28482
P68400,P25963
P68400,P46060
P68400,P42224
P68400,Q9Y5B0
P68400,P53539
P68400,P13349
P68400,O95863
P68400,P30622
P68400,P11473
P68400,Q99638
P68400,P39687
P68400,P12830
P68400,P11387
P68400,Q8TAE8
P68400,P09497
P68400,P30291
P68400,P27986
P68400,Q13541
P68400,P52655
P68400,P49959
P68400,Q01534
P68400,Q9UMD9
P68400,P10646
P68400,P55957
P68400,P49736
P68400,P42575
P68400,Q16543
P68400,Q96IZ0
P68400,P05114
P68400,Q13153
P68400,Q16625
P68400,P52907
P68400,P30307
P68400,P31749
P68400,Q13393
P68400,O76061
P68400,O75676
P68400,P30305
P68400,P54252
P68400,P43629
P68400,P35222
P68400,P07910
P68400,P25788
O00141,P16220
O00141,P45985
O00141,P42568
O00141,P04150
O00141,Q9UN36
O00141,P10636
O00141,O00213
O00141,P25963
O00141,Q9Y2V2
O00141,Q96PU5
O00141,Q969H0
O00141,P43003
O00141,O60343
O00141,Q9H4A3
O00141,O15111
O00141,P49840
O00141,Q96J92
O00141,Q92597
O00141,P14672
P50613,P13631
P50613,P10275
P50613,P50613
P50613,Q9BYE7
P50613,P06493
P50613,P24941
P50613,Q9H0D6
P50613,P49736
P50613,Q01094
P50613,Q13285
P50613,Q9NYV4
P50613,Q9UPZ9
P50613,P11802
Q13557,P16220
Q13557,Q03060
Q13557,P13688
Q13557,Q92736
Q13557,Q08289
Q13557,Q14571
Q13557,P56524
Q13557,Q14654
Q13557,P26678
Q13557,O15084
Q13557,P55327
Q13557,Q14524
Q13557,Q00613
Q13557,P08670
Q13557,Q16695
O94806,Q9UQL6
O94806,Q9BST9
O94806,Q04206
Q99986,P68431
Q99986,P15336
Q99986,P05412
Q99986,P16220
P12931,P04406
P12931,P37840
P12931,P05106
P12931,P51813
P12931,Q9NRY4
P12931,Q8WUM4
P12931,O15259
P12931,Q96AE4
P12931,Q14790
P12931,P29353
P12931,P08069
P12931,P60953
P12931,Q07912
P12931,P36544
P12931,P15529
P12931,P15311
P12931,Q8NER1
P12931,P01350
P12931,P53355
P12931,P31040
P12931,Q86UR1
P12931,P06493
P12931,P34741
P12931,O75116
P12931,Q7L0Q8
P12931,O43613
P12931,P01112
P12931,P32248
P12931,P52566
P12931,Q96TC7
P12931,Q15746
P12931,Q9UPT8
P12931,P12931
P12931,O60496
P12931,Q96P31
P12931,Q14721
P12931,Q05655
P12931,O43353
P12931,P08727
P12931,P52565
P12931,Q9UKW4
P12931,P30411
P12931,Q96J92
P12931,Q03135
P12931,Q9UL51
P12931,Q02153
P12931,P35228
P12931,A1X283
P12931,P53801
P12931,P42224
P12931,Q9BXP5
P12931,Q8N556
P12931,Q6UN15
P12931,P04083
P12931,P19404
P12931,O15492
P12931,O15162
P12931,O14746
P12931,Q9ULV8
P12931,O15357
P12931,P10636
P12931,P42229
P12931,Q9NZC7
P12931,Q05397
P12931,Q13224
P12931,O14965
P12931,Q9Y3Q4
P12931,P35637
P12931,P51692
P12931,P61978
P12931,P23246
P12931,P51809
P12931,P04049
P12931,Q13017
P12931,Q16625
P12931,Q99439
P12931,P23743
P12931,P12956
P12931,P63244
P12931,P49023
P12931,Q9UHR4
P12931,Q9UKT4
P12931,P50402
P12931,O95297
P12931,P07355
P12931,O14641
P12931,Q92734
P12931,Q9NR80
P12931,P26010
P12931,O14976
P12931,Q9UK17
P12931,Q15654
P12931,P48167
P12931,Q96AC1
P12931,P19367
P12931,P46527
P12931,P04439
P12931,Q969T9
P12931,Q92556
P12931,P41235
P12931,P11802
P12931,Q14247
P12931,P14923
P12931,P25963
P12931,Q8IXJ6
P12931,Q15139
P12931,O43597
P12931,Q14118
P12931,P11511
P12931,P18206
P12931,P57737
P12931,Q9NZQ3
P12931,Q9Y371
P12931,Q13936
P12931,P01111
P12931,P20138
P12931,P37173
P12931,P10721
P12931,P31749
P12931,P41743
P12931,O43490
P12931,P16885
P12931,Q16595
P12931,Q9UJM3
P12931,P12235
P12931,Q969H4
P12931,P60484
P12931,Q96KG7
P12931,P16662
P12931,Q13444
P12931,P25098
P12931,Q06187
P12931,P27986
P12931,Q00610
P12931,O15056
P12931,P19174
P12931,Q99961
P12931,P49789
P12931,O15530
P12931,O75553
P12931,Q92945
P12931,Q13002
P12931,Q15417
P12931,Q92558
P12931,Q01844
P12931,Q15642
P23443,Q6R327
P23443,P27708
P23443,P23443
P23443,Q16873
P23443,P49841
P23443,P35568
P23443,Q92934
P23443,P78371
P23443,P08151
P23443,Q92519
P23443,P04792
P23443,O60825
P23443,P10636
P23443,P03372
P23443,O94763
P23443,Q9BY77
P06241,Q6ZMQ8
P06241,Q00535
P06241,P20916
P06241,O14522
P06241,Q14194
P06241,P35568
P06241,O14559
P06241,P51911
P06241,Q14643
P06241,P07766
P06241,P42768
P06241,Q9NRY4
P06241,Q14254
P06241,Q96J02
P06241,Q13291
P06241,Q01628
P06241,O60500
P06241,P06241
P06241,P84243
P06241,Q86WV1
P06241,Q9H204
P06241,Q14524
P06241,P42681
P06241,Q12913
P06241,P22681
P06241,Q05655
P06241,Q96LC7
P06241,P78352
P06241,P29353
P06241,P35222
P06241,O75886
P06241,P16410
P06241,Q16236
P06241,P20963
P06241,O15117
P06241,Q15762
P07948,P07948
P07948,P42768
P07948,P32927
P07948,Q13291
P07948,Q9NWQ8
P07948,P35354
P07948,P11802
P07948,O43823
P07948,P68400
P07948,P40259
P07948,P31994
P07948,P19174
P07948,O14920
P07948,Q14790
P07948,P11137
P07948,P00519
P07948,P19235
P07948,P15941
P07948,P16885
P07948,P13569
P07948,P11912
P07948,Q92918
P07948,P60484
P07948,P46527
P07948,O60711
P07948,Q8N6F7
Q13315,Q9UQE7
Q13315,Q14161
Q13315,Q9H9Q4
Q13315,Q969H0
Q13315,Q8NHY2
Q13315,P20823
Q13315,Q13541
Q13315,Q14839
Q13315,Q5XUX0
Q13315,P46527
Q13315,P08047
Q13315,Q9NVI1
Q13315,Q9NY61
Q13315,Q9BXS6
Q13315,Q9H3D4
Q13315,Q8N0Z6
Q13315,Q7LG56
Q13315,Q96SD1
Q13315,Q16204
Q13315,P55072
Q13315,Q15831
Q13315,Q6PCD5
Q13315,O14757
Q13315,Q9UQR1
Q13315,Q09472
Q13315,P49959
Q13315,O95071
Q13315,Q13315
Q13315,O75150
Q13315,Q8IUQ4
Q13315,Q8IY92
Q13315,Q14676
Q13315,O15355
Q13315,O75943
Q13315,Q7Z6Z7
Q13315,O00255
Q13315,Q99638
Q13315,Q92547
Q13315,Q14694
Q13315,Q96RU2
Q13315,O15151
Q13315,Q03111
Q13315,P16220
Q13315,O96017
Q13315,Q96RL1
Q13315,Q14191
Q13315,Q15910
Q13315,Q7L7X3
Q13315,Q5VTR2
Q13315,Q9Y2K7
Q13315,O60934
Q13315,Q15648
Q13315,Q15797
Q13315,P16104
Q13315,Q9UBU7
Q13315,Q01844
Q13315,O96028
Q13315,P27707
Q13315,Q9BQ15
Q13315,Q9HB75
Q13315,P63151
Q13315,Q8IW19
Q13315,Q9NUW8
Q13315,Q9Y6K9
Q13315,Q92630
Q13315,Q00987
Q13315,Q6UWZ7
Q13315,Q9Y4E8
Q13315,P55957
Q13315,Q5UIP0
Q13315,P50542
Q13315,Q70CQ2
Q13315,Q16665
Q13315,Q9H2K8
Q02156,P17677
Q02156,O60716
Q02156,P08581
Q02156,Q8NER1
Q02156,Q16612
Q02156,Q92934
Q02156,P05556
Q02156,P41594
Q02156,P23975
Q02156,P43629
Q02156,P15336
Q02156,Q9HAW7
Q02156,Q96A00
Q02156,Q99259
Q02156,P16220
Q02156,O14649
Q02156,P48751
Q02156,P11362
Q02156,Q14145
Q02156,P21802
Q02156,Q86XR7
Q02156,P28329
Q02156,P40763
Q02156,P78536
Q02156,O75689
Q02156,Q9H9S0
Q02156,Q02156
Q02156,P18507
Q02156,P06239
Q02156,P62491
Q02156,P10636
Q02156,P05783
Q02156,Q15139
Q02156,P59047
Q02156,P19429
Q02156,P20339
P17612,P07550
P17612,Q01860
P17612,P04637
P17612,Q14896
P17612,P52888
P17612,P14410
P17612,P19174
P17612,O14921
P17612,O15217
P17612,Q13563
P17612,Q93045
P17612,P41208
P17612,Q13576
P17612,P33076
P17612,O94811
P17612,P50549
P17612,Q9Y6D6
P17612,P19429
P17612,Q03060
P17612,P04049
P17612,O95295
P17612,Q5S007
P17612,P55211
P17612,Q09470
P17612,P63104
P17612,Q8IVT5
P17612,P15056
P17612,P18505
P17612,P49768
P17612,Q08499
P17612,P21980
P17612,O60825
P17612,P15311
P17612,P48436
P17612,P60880
P17612,P16070
P17612,O14649
P17612,Q9UII2
P17612,P17812
P17612,O43164
P17612,P41161
P17612,Q93034
P17612,Q12972
P17612,P13569
P17612,P27815
P17612,P62195
P17612,P08183
P17612,P05114
P17612,Q13535
P17612,P21817
P17612,P31323
P17612,P55064
P17612,O15392
P17612,P09038
P17612,P06400
P17612,P43694
P17612,Q96PU5
P17612,O76074
P17612,P23771
P17612,P23677
P17612,P47736
P17612,P26599
P17612,Q9HBA0
P17612,Q8WZ42
P17612,Q9UMX1
P17612,P56211
P17612,P48729
P17612,P17302
P17612,P54296
P17612,P35612
P17612,Q01959
P17612,Q9NZV8
P17612,Q13526
P17612,Q15054
P17612,Q14500
P17612,Q9GZU1
P17612,Q92934
P17612,P30301
P17612,Q14674
P17612,P14136
P17612,Q9UH77
P17612,Q92597
P17612,P24046
P17612,P32245
P17612,P07101
P17612,P06239
P17612,O00168
P17612,P16066
P17612,Q13185
P17612,P05549
P17612,Q96J02
P17612,P53805
P17612,P13796
P17612,Q9H492
P17612,P50552
P17612,P25098
P17612,P35240
P17612,P10242
P17612,O00231
P17612,Q00536
P17612,Q99759
P17612,Q16875
P17612,P13807
P17612,O00418
P17612,Q01130
P17612,P03372
P17612,P08588
P17612,P11717
P17612,P30518
P17612,Q13698
P17612,P05023
P17612,Q05086
P17612,P17655
P17612,O95180
P17612,P19544
P17612,P98161
P17612,Q8TAE6
P17612,P48165
P17612,Q15052
P17612,Q9H3Z4
P17612,P41181
P17612,Q13351
P17612,Q8IWU9
P17612,P78348
P17612,Q9NX63
P17612,Q7Z418
P17612,P29475
P17612,P19793
P17612,P20813
P17612,Q8TCU6
P17612,Q92917
P17612,P26038
P17612,P13224
P17612,Q8IWQ3
P17612,O95863
P17612,P04004
P17612,P35611
P17612,Q9Y3Q4
P17612,Q9H0K1
P17612,Q14978
P17612,P11168
P17612,Q15208
P17612,P55042
P17612,P05204
P17612,Q14432
P17612,P55087
P17612,P06241
P17612,P00439
P17612,Q15835
P17612,Q9Y6E0
P17612,O00482
P17612,P49840
P17612,Q15831
P17612,Q99259
P17612,P26678
P17612,P20265
P17612,Q92777
P17612,Q14814
P17612,Q92837
P17612,P09917
P17612,Q9UH99
P17612,P13612
P17612,Q9H2S1
P17612,O43602
P17612,O75688
P17612,O00141
P17612,Q9HCR9
P17612,P34998
P17612,P14859
P17612,O43665
P17612,O76054
P17612,Q9UKG1
P17612,P52179
P17612,Q14749
P17612,Q9Y6R1
P17612,Q08289
P17612,P11137
P17612,Q8N5S9
P17612,Q15149
P17612,Q8WVI7
P17612,P02686
P17612,Q9Y233
P17612,P22459
P17612,O75376
P17612,Q9NS23
P17612,Q9UMX6
P17612,O96001
P17612,P55273
P17612,P04035
P17612,Q8IW41
P17612,O95477
P17612,P48730
P17612,P17612
P17612,P10071
P17612,Q13936
P17612,P19838
P17612,Q9GZX7
P17612,P51398
P17612,Q13522
P17612,O43181
P17612,Q8WTQ7
P17612,Q9UQL6
P17612,P50895
P17612,P29474
P17612,Q08495
P17612,P63252
P17612,P17600
P17612,Q9NXR1
P17612,Q16790
P17612,Q01955
P17612,P24390
P17612,Q01970
P17612,P29966
P17612,Q7Z2W7
P17612,P36382
P17612,Q9NP71
P17612,Q01668
P17612,P09651
P17612,P30305
P17612,Q9Y698
P17612,Q13972
P17612,Q14344
P17612,O60716
P17612,P39019
P17612,O96004
P17612,P49841
P17612,O14558
P17612,O75581
P17612,Q04206
P17612,P08670
P17612,P11831
P17612,O75899
Q05655,P04040
Q05655,Q16236
Q05655,Q15438
Q05655,P18433
Q05655,O15350
Q05655,P17096
Q05655,P31946
Q05655,P14598
Q05655,P49840
Q05655,P12931
Q05655,Q16658
Q05655,Q9UQL6
Q05655,P13498
Q05655,P98082
Q05655,Q02297
Q05655,P10636
Q05655,P11831
Q05655,Q04917
Q05655,Q9UBS0
Q05655,P52757
Q05655,Q96D96
Q05655,O14939
Q05655,P21730
Q05655,Q5JVS0
Q05655,P51398
Q05655,P00533
Q05655,P19429
Q05655,Q15797
Q05655,P04406
Q05655,P04637
Q05655,P53004
Q05655,Q01995
Q05655,Q9UQ80
Q05655,Q8IV61
Q05655,Q99986
Q05655,P30086
Q05655,Q01543
Q05655,P35568
Q05655,P35612
Q05655,Q9Y243
Q05655,Q96A00
Q05655,P40189
Q05655,Q16820
Q05655,Q13887
Q05655,P08581
Q05655,P28329
Q05655,P42224
Q05655,Q9NQ66
Q05655,Q99808
Q05655,P62753
Q05655,P05198
Q05655,Q15078
Q05655,P78536
Q05655,P35222
Q05655,Q15717
Q05655,P45983
Q05655,P68431
Q05655,P38936
Q05655,O95817
Q05655,P61073
Q05655,Q13263
Q05655,P05787
Q05655,P17302
Q05655,P48048
Q05655,P40763
Q05655,Q9H257
Q05655,P31431
Q16620,Q00535
Q16620,Q16620
Q16620,O43559
Q00535,Q96KR7
Q00535,Q15833
Q00535,P62136
Q00535,P37231
Q00535,P49023
Q00535,O15516
Q00535,Q9NZ72
Q00535,Q14814
Q00535,O00429
Q00535,Q9UM11
Q00535,P48681
Q00535,Q96RR4
Q00535,P04626
Q00535,Q02750
Q00535,Q99719
Q00535,Q14194
Q00535,Q16236
Q00535,Q15717
Q00535,Q99490
Q00535,Q9NXR1
Q00535,P46527
Q00535,Q12879
Q00535,P47989
Q00535,P41143
Q00535,P10636
Q00535,P07814
Q00535,Q16643
Q00535,Q02078
Q00535,P29474
Q00535,P05067
Q00535,Q16555
Q00535,Q05397
Q00535,P53779
Q00535,P27695
Q00535,P42858
Q00535,Q9NQT8
Q00535,Q00536
Q00535,P07196
Q00535,P12931
Q00535,Q15078
Q00535,Q8IWU2
Q00535,O43464
Q00535,Q13315
Q00535,P21860
Q00535,Q9NQX3
Q00535,P15311
Q00535,Q5S007
Q00535,Q3V6T2
Q00535,P49757
Q00535,P04156
Q00535,P01106
Q00535,Q13522
Q00535,Q12778
Q00535,O60331
Q00535,Q13794
P00519,P07203
P00519,P06400
P00519,P10636
P00519,P25963
P00519,Q6ZUJ8
P00519,P11387
P00519,Q13043
P00519,Q14247
P00519,Q9Y6N7
P00519,O15269
P00519,O94916
P00519,P19174
P00519,Q6P1J9
P00519,P42768
P00519,O60504
P00519,Q03468
P00519,P46109
P00519,P17844
P00519,Q99638
P00519,P55211
P00519,Q9UPY6
P00519,Q00535
P00519,P11274
P00519,P43351
P00519,P05067
P00519,Q14980
P00519,P46527
P00519,O15162
P00519,P15172
P00519,Q9H2X6
P00519,O15350
P00519,Q9Y6W5
P00519,Q14847
P00519,Q00987
P00519,Q13905
P00519,O95433
P00519,Q92993
P00519,P46937
P00519,Q8WYQ5
P00519,Q92918
P00519,O43586
P00519,Q70E73
P00519,Q9UL17
P00519,P17275
P00519,P29350
P00519,Q14498
P43403,O43561
P43403,Q16539
P43403,P19174
P43403,Q9UQQ2
P43403,P51452
P43403,P43403
P43403,Q8N1K5
Q16539,P78543
Q16539,Q8WYK2
Q16539,P17844
Q16539,P06702
Q16539,P02511
Q16539,Q9NRR4
Q16539,P16220
Q16539,P31645
Q16539,P16949
Q16539,P40763
Q16539,Q9UBK2
Q16539,P04637
Q16539,F1D8S2
Q16539,P17181
Q16539,Q15596
Q16539,O75030
Q16539,Q02078
Q16539,P00533
Q16539,P06400
Q16539,P10636
Q16539,Q9H1K0
Q16539,P52945
Q16539,P03372
Q16539,Q13541
Q16539,Q9BR76
Q16539,P04792
Q16539,Q9Y5Y9
Q16539,P28324
Q16539,Q9Y698
Q16539,Q14934
Q16539,P42677
Q16539,Q9UL54
Q16539,P53667
Q16539,Q15750
Q16539,P35236
Q16539,Q9UQD0
Q16539,O95644
Q16539,P78536
Q16539,Q01844
Q16539,P49023
Q16539,P14598
Q16539,P47712
Q16539,P19419
Q16539,Q14765
Q16539,Q8NHW3
Q16539,Q8TDD2
Q16539,P29353
Q16539,Q16539
Q16539,P13726
Q16539,O43257
Q16539,P18850
Q16539,P15336
Q16539,P41970
Q16539,P22415
Q16539,Q99460
Q16539,P30307
Q16539,P10275
Q16539,Q15075
Q16539,P21397
Q16539,Q15717
Q16539,O15198
Q16539,P42574
Q16539,P56178
Q16539,P21462
Q16539,Q14790
Q16539,Q02156
Q16539,P30305
Q16539,P36956
Q16539,Q92945
Q9UQM7,Q96PM5
Q9UQM7,P23677
Q9UQM7,Q00613
Q9UQM7,Q96PH1
Q9UQM7,P26678
Q9UQM7,P20941
Q9UQM7,P14136
Q9UQM7,A8K161
Q9UQM7,Q92736
Q9UQM7,Q05682
Q9UQM7,P29475
Q9UQM7,P55055
Q9UQM7,Q96PV0
Q9UQM7,P35372
Q9UQM7,P16220
Q9UQM7,Q9Y496
Q9UQM7,P07101
Q9UQM7,Q96NW7
Q9UQM7,P42261
Q9UQM7,P09917
Q9UQM7,P21333
Q9UQM7,O95999
Q9UQM7,P00533
Q9UQM7,P16615
Q9UQM7,Q13224
Q9UQM7,P35270
Q9UQM7,P35462
Q9UQM7,P08670
Q9UQM7,Q01970
Q9UQM7,Q04760
Q9UQM7,Q9NSC5
Q9UQM7,P15036
Q9UQM7,P28329
Q9UQM7,P35222
Q9UQM7,P31645
Q9UQM7,P18433
Q9UQM7,Q12879
Q9UQM7,Q15121
Q9UQM7,O14713
Q9UQM7,O00631
Q9UQM7,Q05469
Q9UQM7,Q96A00
Q9UQM7,O14490
P11362,Q9UBW7
P11362,O60506
P11362,P56945
P11362,Q9P0J1
P11362,P11362
P11362,P00338
P11362,P16144
P17252,Q01814
P17252,P17812
P17252,P09758
P17252,P29475
P17252,Q8NER1
P17252,P05556
P17252,P31645
P17252,P52565
P17252,P22460
P17252,P09693
P17252,P29350
P17252,Q15717
P17252,O94992
P17252,P10599
P17252,P32004
P17252,P24844
P17252,P29966
P17252,O14986
P17252,Q9NQA5
P17252,Q12879
P17252,Q9UQ80
P17252,Q96KS0
P17252,Q9UJY1
P17252,Q99801
P17252,P35612
P17252,P15172
P17252,O60869
P17252,Q16658
P17252,P07355
P17252,Q96PH1
P17252,Q96PY5
P17252,Q15172
P17252,P10636
P17252,Q05940
P17252,Q6UVK1
P17252,Q15311
P17252,Q86VB7
P17252,O14493
P17252,O60941
P17252,P01116
P17252,P53004
P17252,Q9H3Q1
P17252,P04626
P17252,P04049
P17252,P81274
P17252,P21731
P17252,Q9Y6H6
P17252,Q5JVS0
P17252,Q96MS0
P17252,Q06124
P17252,P22681
P17252,Q13002
P17252,P31749
P17252,P51674
P17252,P35367
P17252,P49840
P17252,P19021
P17252,Q13418
P17252,Q9BZL6
P17252,P04004
P17252,P49802
P17252,P16671
P17252,Q14432
P17252,O00168
P17252,Q9Y624
P17252,O00161
P17252,P08833
P17252,Q05193
P17252,Q9HAN9
P17252,Q01970
P17252,P35869
P17252,P52566
P17252,P01730
P17252,Q9BR76
P17252,P43119
P17252,P07949
P17252,P36542
P17252,P49795
P17252,Q13255
P17252,Q96A00
P17252,P24046
P17252,Q96RI1
P17252,P35568
P17252,Q04637
P17252,Q15139
P17252,P09651
P17252,P18206
P17252,P30086
P17252,P08253
P17252,Q05209
P17252,O60479
P17252,P08183
P17252,P19429
P17252,P60880
P17252,O75469
P17252,P05783
P17252,P16144
P17252,P46940
P17252,Q969H0
P17252,Q03721
P17252,P60983
P17252,Q01995
P17252,P19086
P17252,O94759
P17252,Q13224
P17252,O60716
P17252,P17302
P17252,P35579
P17252,Q14469
P17252,Q07617
P17252,P11387
P17252,Q16625
P17252,P42262
P17252,P14136
P17252,Q9UEY8
P17252,O60928
P17252,Q8N0W4
P17252,Q96C90
P17252,Q86UR1
P17252,P11473
P17252,P11234
P17252,Q15080
P17252,P10275
P17252,Q16875
P17252,O75376
P17252,Q9NRD5
P17252,P16070
P17252,P49841
P17252,P25098
P17252,Q09472
P17252,Q14994
P17252,P41594
P17252,Q92837
P17252,Q9UKG1
P17252,Q13303
P17252,P78536
P17252,Q13976
P17252,P06213
P17252,Q99418
P17252,P31431
P17252,O43526
P17252,O95786
P17252,O95644
P17252,Q8WZ42
P17252,Q12959
P17252,Q9BR39
P17252,P21399
P17252,P17252
P17252,P30411
P17252,Q8N556
P17252,P02786
P17252,O14920
P17252,Q02156
P17252,Q9NS23
P17252,P35398
P17252,P13569
P17252,O15217
P17252,Q9UBS0
P17252,P28329
P17252,P21359
P17252,Q16760
P11309,Q01860
P11309,P10275
P11309,Q8TA86
P11309,P38936
P11309,P01106
P11309,Q13309
P11309,Q9UNQ0
P11309,Q04206
P11309,P46527
P11309,Q99801
P11309,P30304
P11309,Q9BZS1
P11309,Q12778
P42680,Q08881
P42680,P09038
P42680,Q13322
P42680,P51813
P42680,P16885
P42680,P42680
Q08881,P19174
Q08881,Q13094
Q08881,Q8TDQ0
Q08881,P10747
Q08881,Q06187
Q08881,Q96LC7
P49674,P56645
P49674,Q8TD43
P49674,Q13541
P49674,O14640
P49674,O14641
P49674,P55957
P49674,O15055
P49674,O60716
P49674,O95863
P49674,Q9GZV5
Q13535,P49006
Q13535,P16220
Q13535,Q13098
Q13535,Q13541
Q13535,Q9NZC9
Q13535,Q9UH99
Q13535,Q92888
Q13535,Q9Y285
Q13535,P49917
Q13535,Q13535
Q13535,P08047
Q13535,Q66K89
Q13535,Q03164
Q13535,O75717
Q13535,Q8IX01
Q13535,Q9UER7
Q13535,Q9BXW9
Q13535,Q92878
Q13535,P39880
Q13535,O75943
Q13535,Q14683
Q13535,Q01844
Q13535,Q00987
Q13535,Q6PGQ7
Q13535,O94880
Q13535,O96017
Q13535,P40692
Q13535,O00203
Q13535,O15360
Q13535,P27707
Q13535,P55957
Q13535,Q99708
Q13535,Q8N4S0
Q13535,Q9UFW8
Q13535,P49736
Q13535,Q9Y253
Q13535,Q9UBU7
Q13535,P78527
Q13535,Q9BUG6
Q13535,Q9NZN8
Q13535,Q13315
Q13535,P18583
Q13535,O43542
Q13535,Q9NS23
Q13535,Q8WXE1
P49137,P49815
P49137,O95453
P49137,Q96J92
P49137,P33241
P49137,Q07352
P49137,Q969V6
P49137,P50549
P49137,P63104
P49137,P53667
P49137,Q01094
P49137,Q9UPN4
P49137,Q13263
P49137,Q9NQC3
P49137,Q9Y385
P49137,P53350
P49137,Q9UKV8
P49137,P04792
P49137,O95816
P49137,Q7L5N7
P49137,O00418
P49137,P30305
P49137,O15511
P49137,Q9NY61
P49137,Q14457
P49137,Q07817
P49137,Q15418
P25098,P41143
P25098,P35367
P25098,Q96A54
P25098,P32245
P25098,P30411
P25098,P37840
P25098,P05387
P25098,Q16539
P28482,Q8IYB8
P28482,Q8IZQ8
P28482,P17302
P28482,O00429
P28482,P51168
P28482,P05023
P28482,Q02641
P28482,Q12800
P28482,Q9NSI2
P28482,P09874
P28482,O75581
P28482,Q15788
P28482,P53355
P28482,Q05469
P28482,O94811
P28482,P49407
P28482,Q07666
P28482,P09917
P28482,Q02952
P28482,Q9Y6G9
P28482,Q9UPT5
P28482,P19438
P28482,Q13164
P28482,P84243
P28482,P11388
P28482,Q92908
P28482,Q9UBN7
P28482,P23443
P28482,Q13586
P28482,Q9C0D5
P28482,Q13614
P28482,Q13409
P28482,C9JLW8
P28482,Q13625
P28482,P06239
P28482,Q8TER0
P28482,P41162
P28482,O75151
P28482,Q09666
P28482,Q86WB0
P28482,P68400
P28482,P43694
P28482,Q15648
P28482,Q9NQC3
P28482,Q14185
P28482,P24046
P28482,P15336
P28482,P19878
P28482,P17861
P28482,Q9NRA0
P28482,Q8IUX7
P28482,P19525
P28482,Q14686
P28482,O60331
P28482,Q13459
P28482,P19634
P28482,Q13485
P28482,Q9NYA1
P28482,P10415
P28482,P14635
P28482,O43251
P28482,P07101
P28482,Q6PKG0
P28482,P04150
P28482,O00562
P28482,P02545
P28482,Q14151
P28482,P42224
P28482,P17655
P28482,P16220
P28482,P36956
P28482,Q6Y7W6
P28482,O95785
P28482,P12270
P28482,Q13362
P28482,P49790
P28482,Q01844
P28482,Q6ZS17
P28482,P78352
P28482,Q15746
P28482,Q07812
P28482,P19419
P28482,P23396
P28482,Q08493
P28482,P10242
P28482,O60504
P28482,Q05397
P28482,Q9BY84
P28482,P19484
P28482,P46527
P28482,P35568
P28482,P24941
P28482,P14543
P28482,Q96LL9
P28482,Q96PE2
P28482,P15923
P28482,Q15672
P28482,Q7Z5J4
P28482,Q15831
P28482,Q14674
P28482,Q01196
P28482,P30307
P28482,P50616
P28482,Q15797
P28482,Q9Y4H2
P28482,P78559
P28482,Q9Y6W5
P28482,P10646
P28482,P02686
P28482,Q92934
P28482,O00267
P28482,Q16526
P28482,P14598
P28482,P15056
P28482,P28562
P28482,Q12772
P28482,P17676
P28482,Q9BZI1
P28482,Q15418
P28482,P78347
P28482,Q15366
P28482,Q9ULW0
P28482,Q9NUY8
P28482,P43354
P28482,P27708
P28482,P10070
P28482,P30041
P28482,Q9UHB6
P28482,P50548
P28482,P35236
P28482,Q13562
P28482,O95997
P28482,P14618
P28482,Q9HBH9
P28482,Q96EP5
P28482,Q96FF9
P28482,Q16690
P28482,P49023
P28482,P17252
P28482,P16949
P28482,P08047
P28482,P41182
P28482,P33076
P28482,P78536
P28482,Q5SW79
P28482,Q7LDG7
P28482,P10636
P28482,Q02447
P28482,O75030
P28482,Q96RS0
P28482,P14784
P28482,Q9H0D6
P28482,Q9UKX7
P28482,Q9Y698
P28482,Q9NQ66
P28482,Q92731
P28482,P38936
P28482,Q16828
P28482,Q93062
P28482,Q8WX93
P28482,O43524
P28482,Q86UC2
P28482,P03372
P28482,P61978
P28482,P52945
P28482,Q96PH1
P28482,O14613
P28482,P29590
P28482,P35658
P28482,Q9ULC4
P28482,Q15796
P28482,O00213
P28482,P04049
P28482,Q00587
P28482,Q9NZ72
P28482,Q9H8Y8
P78527,P07954
P78527,O96017
P78527,P22415
P78527,P31751
P78527,P07900
P78527,P52945
P78527,Q9NUW8
P78527,P04637
P78527,Q15831
P78527,Q9H4A6
P78527,P49917
P78527,Q96T60
P78527,Q14653
P78527,Q00839
P78527,Q8TCS8
P78527,P05412
P78527,P13010
P78527,P78527
P78527,P08670
P78527,P19838
P78527,Q13426
P78527,P55072
P78527,P16403
P78527,P43354
P78527,P42575
P78527,P24928
P78527,P04150
P78527,P18887
P78527,P55895
P78527,Q15648
P24941,Q9P2N5
P24941,P29350
P24941,Q9ULX3
P24941,Q9UFC0
P24941,Q8IZL8
P24941,Q9H211
P24941,O15014
P24941,Q9C0C2
P24941,P08670
P24941,Q9H6K1
P24941,P22234
P24941,Q86WB0
P24941,P33991
P24941,Q13330
P24941,P50750
P24941,A1KXE4
P24941,P18887
P24941,P22674
P24941,Q12948
P24941,P51649
P24941,P17480
P24941,Q9NP87
P24941,Q5JTV8
P24941,Q13416
P24941,P23396
P24941,P54132
P24941,Q15796
P24941,Q9Y266
P24941,P78317
P24941,O43463
P24941,Q99504
P24941,P19338
P24941,P55196
P24941,P84022
P24941,P32322
P24941,Q96RK0
P24941,P16949
P24941,Q96EA4
P24941,P42677
P24941,Q00059
P24941,P49736
P24941,Q96C36
P24941,Q14103
P24941,Q04637
P24941,Q8WUM0
P24941,Q14247
P24941,O00311
P24941,Q71UM5
P24941,P49459
P24941,P49916
P24941,P23771
P24941,P12956
P24941,Q96E09
P24941,O60934
P24941,P06748
P24941,P08621
P24941,O14497
P24941,P55795
P24941,P62913
P24941,Q13352
P24941,Q8NFC6
P24941,Q86XL3
P24941,Q15717
P24941,P13639
P24941,Q8IXQ3
P24941,P52948
P24941,Q9Y2W1
P24941,P49790
P24941,Q8IYB3
P24941,Q9BUJ2
P24941,Q96T88
P24941,Q9Y676
P24941,Q7KZ85
P24941,Q53H80
P24941,Q99459
P24941,O14686
P24941,Q05682
P24941,P31350
P24941,P13051
P24941,Q0VD86
P24941,P57740
P24941,P33981
P24941,Q9H910
P24941,Q15813
P24941,P49915
P24941,Q5JTZ9
P24941,Q15398
P24941,P25205
P24941,Q14195
P24941,O75533
P24941,Q6P1N0
P24941,Q08999
P24941,P06401
P24941,P18858
P24941,Q86U86
P24941,Q9UGP5
P24941,Q99728
P24941,P31943
P24941,Q6UB35
P24941,Q9Y2J2
P24941,Q14CB8
P24941,P15172
P24941,Q05519
P24941,P48200
P24941,P24941
P24941,Q86VM9
P24941,Q15554
P24941,Q92785
P24941,Q9UPN3
P24941,Q8TAP8
P24941,P29374
P24941,Q9NPF5
P24941,Q9P270
P24941,Q32P44
P24941,Q01167
P24941,Q9H3P2
P24941,Q96C19
P24941,P28749
P24941,Q15648
P24941,Q9UIF9
P24941,Q15003
P24941,P10244
P24941,Q9NYB0
P24941,Q9ULW0
P24941,Q9H2G4
P24941,Q04323
P24941,Q9BVC5
P24941,Q08050
P24941,Q9NYV6
P24941,Q13428
P24941,Q12778
P24941,Q9H8Y8
P24941,Q14676
P24941,Q9Y314
P24941,P04637
P24941,Q8IXJ6
P24941,O43663
P24941,Q14194
P24941,Q06830
P24941,Q8IXM2
P24941,Q8WXE1
P24941,P30291
P24941,Q9Y3Z3
P24941,Q12906
P24941,Q13242
P24941,Q14980
P24941,P12268
P24941,Q8N3F8
P24941,O15350
P24941,P28324
P24941,P54198
P24941,Q13573
P24941,Q86YP4
P24941,O75179
P24941,Q6PKG0
P24941,Q02535
P24941,Q9H3D4
P24941,P35269
P24941,Q9NTI5
P24941,P17096
P24941,P04183
P24941,P38432
P24941,O00267
O15264,Q8NHW3
O15264,Q14934
O15264,Q15139
O15264,Q8IW41
O15264,P05787
O15264,O00418
O15264,P10636
O15264,P04637
P53350,Q53EZ4
P53350,Q13416
P53350,Q9Y265
P53350,Q13158
P53350,Q9BVS4
P53350,Q2NKX8
P53350,Q15468
P53350,P30307
P53350,Q13188
P53350,O95251
P53350,O15259
P53350,Q71F23
P53350,O94901
P53350,Q8NHV4
P53350,Q9UBB4
P53350,Q9BQQ3
P53350,P13693
P53350,Q7L2Z9
P53350,Q96BK5
P53350,Q00839
P53350,O14641
P53350,Q9Y2I6
P53350,Q14674
P53350,Q16143
P53350,Q92994
P53350,Q99640
P53350,P78527
P53350,P36956
P53350,Q38SD2
P53350,Q9NS56
P53350,O15169
P53350,Q00987
P53350,O60563
P53350,P36507
P53350,P54274
P53350,Q49MG5
P53350,P35222
P53350,Q3KR16
P53350,P47736
P53350,P30260
P53350,Q9Y6D9
P53350,Q9UBW7
P53350,Q96T23
P53350,P18031
P53350,Q9UKT4
P53350,Q9Y2T1
P53350,Q00613
P53350,Q9H0H5
P53350,Q9Y2Z0
P53350,Q9UJX5
P53350,O15392
P53350,Q08050
P53350,P06748
P53350,Q15022
P53350,O15350
P53350,O43683
P53350,O95613
P53350,P30626
P53350,Q8N4N8
P53350,P38398
O96017,P21127
O96017,P30304
O96017,P18887
O96017,O60673
O96017,Q9NY61
O96017,P29590
O96017,Q15717
O96017,P06400
O96017,P38398
O96017,P61289
O96017,P33981
O96017,P51587
O96017,Q13972
O96017,P10636
O96017,O15151
O96017,Q9NRM7
O96017,O43255
O96017,Q01094
O96017,P54132
O96017,P30307
Q9H093,O95835
O95835,P04049
O95835,Q8NHZ8
O95835,Q02241
O95835,Q9GZV5
O95835,O14974
Q13976,Q03393
Q13976,Q05469
Q13976,P24046
Q13976,P52943
Q13976,P13569
Q13976,P21731
Q13976,P35520
Q13976,Q9Y210
Q13976,Q15637
Q13976,O96001
Q13976,Q12791
Q13976,Q8WZ42
Q13976,O14974
Q13976,P21817
Q13976,Q9Y6F6
Q13976,Q9Y613
Q13976,Q14847
Q13976,Q13153
Q13976,Q5VSY0
Q13976,P16220
Q13976,P10451
Q13976,P04792
Q13976,Q9UH03
Q13976,Q76M96
Q13976,P61224
Q13976,P31645
Q13976,Q9UIK4
Q13976,Q9NS28
Q13976,P61586
P51812,P68431
P51812,P04792
P51812,P13796
P51812,P18848
P51812,P05114
P51812,P84243
P51812,P29317
P51812,P17676
P51812,Q16821
P51812,P05204
P51812,P07101
P51812,P48764
P51812,P53355
P51812,Q9NYV6
P51812,P19525
P51812,P49840
P51812,P49815
P51812,P23588
P51812,P62753
P51812,Q92934
P51812,Q9BSI4
P51812,P03372
P51812,Q9H6Z4
P51812,Q96RK0
Q15835,Q15835
Q15835,P08100
Q15835,P41145
P51617,Q9HAT8
P51617,Q9H4G4
P27448,P27448
P27448,Q99689
Q16512,Q13077
Q16512,O95863
Q16512,Q12778
Q16512,P36871
Q16512,Q9UKV0
Q16512,P30622
Q16512,P10636
Q16512,Q92974
Q16512,P30307
Q16512,Q9UQL6
Q16512,P04049
Q16512,P00533
Q16512,P18669
P11021,P11021
P04049,O43306
P04049,Q02750
P04049,Q13118
P04049,Q05639
P04049,P04049
P04049,Q92934
P04049,P01106
P42345,O75179
P42345,Q9Y2J4
P42345,Q8TB45
P42345,P55199
P42345,Q8IYB3
P42345,P19484
P42345,P03372
P42345,P04198
P42345,Q9P2Y5
P42345,Q14693
P42345,P31749
P42345,P01106
P42345,Q5T4S7
P42345,Q9Y6W6
P42345,Q6PKG0
P42345,Q9UBS0
P42345,Q9H5H4
P42345,Q9H1K1
P42345,P42345
P42345,O00418
P42345,P35568
P42345,Q00613
P42345,Q86TB9
P42345,P26358
P42345,P23443
P42345,P40763
P42345,Q641Q2
P42345,O96018
P42345,Q9C0C7
P42345,O75385
P42345,O00141
P42345,Q13541
P42345,O95747
P42345,P51397
P42345,Q13322
O14757,Q9UKI8
O14757,P84098
O14757,P10636
O14757,Q14738
O14757,O15350
O14757,Q14004
O14757,Q9H8G2
O14757,P54132
O14757,P33992
O14757,Q9NWH9
O14757,Q8NG66
O14757,Q13470
O14757,Q14676
O14757,P49792
O14757,P04637
O14757,P27816
O14757,Q9HB96
O14757,Q9HAW4
O14757,O15294
O14757,Q9H8N7
O14757,Q9UQ35
O14757,Q96QD9
O14757,P25205
O14757,Q5UIP0
O14757,Q12888
O14757,Q9BXB4
O14757,Q14186
O14757,Q08AD1
O14757,Q8IY67
O14757,Q8N4C8
O14757,O43395
O14757,Q9BTD8
O14757,O95707
O14757,P67870
O14757,P35612
O14757,P22626
O14757,O00716
O14757,Q96GD4
O14757,Q86WB0
O14757,Q13439
O14757,O95625
O14757,Q9H0H5
O14757,P18858
O14757,P06400
O14757,Q13907
O14757,P55039
O14757,Q04837
O14757,Q9Y570
O14757,P12956
O14757,Q9UEY8
O14757,Q6PD62
O14757,Q6T4R5
O14757,P52272
O14757,Q9NS23
O14757,Q15648
O14757,P85299
O14757,Q13263
O14757,O43660
O14757,P43405
O14757,Q9BW19
O14757,Q32P44
O14757,Q16143
O14757,Q96RL1
O14757,P46013
O14757,Q53F19
O14757,P49761
O14757,Q9GZR7
O14757,P30307
O14757,Q5JSZ5
O14757,O60343
O14757,P07814
O14757,Q16181
O14757,Q9UMR2
O14757,P11047
O14757,Q02750
O14757,Q06609
O14757,Q99848
O14757,Q9Y2T7
O14757,Q00341
O14757,Q9UPP1
O14757,Q9NRL2
O14757,P16989
O14757,Q86WR7
O14757,P36507
O14757,P52294
O14757,P15822
O14757,P39748
O14757,O75461
O14757,Q9HC62
O14757,Q9NRM7
Q9UKI8,Q99638
Q8N752,O94916
Q8N752,P35222
Q9UEW8,Q13621
Q9UEW8,Q9Y666
Q9UEW8,Q9UHW9
Q9UEW8,P55011
P48729,P12830
P48729,P16220
P48729,O94916
P48729,Q13148
P48729,Q6IE81
P48729,P56537
P48729,P01106
P48729,P49810
P48729,Q13144
P48729,P11308
P48729,P40337
P48729,O60260
P48729,P17181
P48729,P30304
P48729,O43524
P48729,P04637
P48729,P17931
P48729,P07910
P48729,P25054
P48729,Q9H6E5
P48729,Q9Y2W7
O15111,Q86VP1
O15111,O75925
O15111,O43524
O15111,P84243
O15111,Q9NQC7
O15111,Q04206
O15111,Q15653
O15111,Q9BXH1
O15111,O14920
O15111,Q9BUZ4
O15111,Q01201
O15111,P03372
O15111,Q9Y261
O15111,Q5S007
O15111,P35222
O15111,Q9Y6Q9
O15111,Q92793
Q8TDC3,Q8TDC3
Q8TDC3,P30291
Q8TDC3,P23258
Q8TDC3,P10636
P07949,Q05397
P07949,P18848
P07949,Q8N4X5
P07949,O15530
P07949,Q16539
P07949,P27986
P07949,P07949
Q05397,Q14451
Q05397,P12814
Q05397,P56945
Q05397,P51813
Q05397,P07949
Q05397,P49023
Q05397,Q99961
Q05397,P63000
Q05397,O75962
Q05397,Q9H9S0
Q05397,O00401
Q13464,O60237
Q13464,Q05397
Q13464,P49815
Q13464,Q16555
Q13464,O43293
Q13464,P35611
Q13464,P17661
Q13464,P26038
Q13464,Q14160
Q13464,O14649
Q13464,P24844
Q13464,P08670
Q13464,P14136
Q13464,P19634
Q13464,Q9Y613
Q13464,P15311
Q13464,P19105
Q13464,P04637
Q15118,P08559
Q9UBS0,P49841
Q9UBS0,P09651
Q9UBS0,P04792
Q9UBS0,Q53EL6
Q9UBS0,P05783
Q9UBS0,O00418
Q9UBS0,Q05195
P05129,P04004
P05129,P49840
P05129,Q9UQ80
P05129,P28329
P05129,P98082
P05129,P11388
P05129,O94768
P05129,P21730
P05129,P48058
P05129,P43629
P05129,P10636
P05129,Q05586
P05129,P25098
P05129,P49841
P05129,P08138
P05129,Q03721
P05129,P35568
P05129,P04049
P05129,P07900
P05129,P19429
P45983,Q14653
P45983,P19419
P45983,P42226
P45983,P42224
P45983,P63104
P45983,P17275
P45983,P29353
P45983,Q12904
P45983,P30307
P45983,O43521
P45983,Q15672
P45983,Q9Y5Q3
P45983,P01106
P45983,P55957
P45983,Q96J02
P45983,O43524
P45983,Q00613
P45983,P49023
P45983,P54259
P45983,Q93045
P45983,Q92934
P45983,Q9UPT6
P45983,P40763
P45983,P04150
P45983,Q99640
P45983,P16104
P45983,O00418
P45983,Q01844
P45983,Q9Y6Q9
P45983,P78352
P45983,Q96LC9
P45983,P19793
P45983,Q16621
P45983,P15336
P45983,P05067
P45983,P36956
P45983,Q96EB6
P45983,P10276
P45983,P04637
P45983,Q14934
P45983,Q9NR28
P45983,P10636
P45983,Q8WYK2
P45983,P23443
O14920,P25963
O14920,Q9BXH1
O14920,Q14164
O14920,P35568
O14920,Q92574
O14920,Q04864
O14920,Q04206
O14920,Q99704
O14920,Q5S007
O14920,Q9H3D4
O14920,Q16875
O14920,Q96CV9
O14920,P42771
O14920,P01100
O14920,O95999
Q86V86,P46527
Q86V86,Q92934
Q9NRM7,P38936
Q9NRM7,Q4VCS5
Q9NRM7,Q8NHZ8
Q9NRM7,Q9Y2J4
Q9NRM7,Q02241
Q9NRM7,Q9GZV5
Q9NRM7,P61981
Q9NRM7,O95863
Q9NRM7,Q9NQS7
PR:000035423,O43683
O43683,O43683
O43683,P0C0S8
P16591,P40763
P16591,P15311
P16591,P16284
P16591,Q05397
P16591,P14923
P16591,P16591
P49840,Q13144
P49840,Q9BYG3
P49840,Q16584
P49840,P22415
P49840,P20749
P49840,P49840
P49840,O75581
P49840,P24864
P49840,Q8NHW3
P49840,Q07817
P49840,P31749
P49840,P23246
P49840,Q92908
P49840,Q96RR4
P49840,O15084
P49840,P35222
Q9P0L2,P10636
Q9P0L2,P11137
Q14164,P31749
Q14164,P49840
Q14164,Q14164
Q14164,Q9Y6K9
Q14164,O14519
Q14164,P03372
Q14164,P98170
Q14164,O43734
Q14164,Q04206
Q14164,Q96FA3
P67870,P08473
P67870,Q13422
P67870,P67870
P67870,Q9Y5B0
P67870,Q01105
P67870,Q9UBF6
P67870,Q99523
P67870,P17509
P67870,Q16625
P67870,P04637
P67870,P35222
P67870,P49427
P67870,P35568
Q9Y6K9,O14920
Q99683,P45985
Q99683,O15530
Q99683,P45379
Q99683,Q99683
Q99683,Q9UER7
Q99683,Q969S3
Q99683,P46734
Q99683,Q9Y3F4
Q99683,P52564
O75582,P0C0S8
O75582,P19419
O75582,P54253
O75582,Q04206
O75582,P68431
O75582,Q16695
O75582,P07101
O75582,P05114
O75582,P47712
O75582,P10636
O75582,P18846
O75582,P42224
O75582,P11831
P51813,Q05397
P51813,Q96T51
P51813,P51813
Q06187,Q9UJV9
Q06187,P58753
Q06187,Q06187
Q06187,P15391
Q06187,Q13422
Q06187,Q9UN19
Q06187,Q08881
O75460,O75460
P35626,P30874
Q9H422,Q13158
P33981,P38646
P33981,P33981
P33981,Q96E14
P33981,P04637
P33981,O60566
P33981,Q53HL2
P33981,O96017
P33981,Q8NG31
P21802,P35222
P21802,P62993
P21802,P60484
P54646,Q8IY63
P54646,P29474
P54646,Q8NFG4
P54646,O14920
P54646,Q86TI0
P54646,O15151
P54646,P49815
P54646,P05549
P54646,O75385
P54646,F1D8S2
P54646,O60825
P54646,Q9BZL4
P54646,Q9UQB8
P54646,Q92819
P54646,P35222
P54646,Q53ET0
P54646,P55011
P54646,P30260
P54646,Q15121
P54646,Q13177
P54646,O00418
P54646,P06241
P54646,P36956
Q13131,Q9UQK1
Q13131,Q92538
Q13131,P04626
Q13131,P46937
Q13131,Q04759
Q13131,Q9BZL4
Q13131,P04637
Q13131,P43405
Q13131,P14859
Q13131,Q06210
Q13131,Q8IXJ6
Q13131,Q05469
Q13131,O15360
Q13131,Q9Y478
Q13131,P63244
Q13131,O15350
Q13131,P50552
Q13131,Q8N122
Q13131,P42345
Q13131,Q9UQL6
Q13131,Q9BU19
Q13131,Q09472
Q13131,Q12778
Q13131,Q13363
Q13131,P15531
Q13131,P19429
Q13131,Q9NYV6
Q13131,O00418
Q13131,P04406
Q13131,P29474
Q13131,P46527
Q13131,Q9GZY8
Q13131,Q7Z3C6
Q13131,Q13002
Q13131,Q9H0B6
Q13131,P52292
Q13131,P13569
Q13131,P49674
Q13131,P00533
Q13131,Q15036
Q13131,P04049
Q13131,P55011
Q13131,P49116
Q13131,Q13362
Q16566,Q99623
Q16566,P29475
Q16566,P16220
Q16566,P56524
Q16566,Q9UQL6
Q02750,P55211
Q02750,O75676
Q02750,P04049
Q02750,P37231
Q02750,P05787
Q02750,Q02750
P06239,P10747
P06239,Q04759
P06239,P29350
P06239,O43561
P06239,Q06830
P06239,Q13291
P06239,P43403
P06239,Q9UQQ2
P06239,P15311
P06239,Q16539
P06239,Q9NP31
P06239,P05107
P06239,P06127
P06239,Q8N1K5
P06239,O14543
P06239,Q9H204
P06239,Q9H4E7
P06239,P27986
P06239,P14784
P06239,Q9UN19
P06239,Q08881
P06239,P29353
P06239,P25963
P06239,P40259
P06239,P20963
P06239,P42224
P06239,Q96LC7
P06239,Q13094
P06239,Q05655
P06239,P12235
P06239,P52630
P06239,P22681
P06239,Q9BWW4
P06239,P16284
P06239,Q13813
P06239,P24666
P06239,P23743
P06239,Q8IVM0
Q16659,Q16659
Q16659,Q8IW41
Q16659,Q9Y6Q9
Q16659,O95551
P53778,P78352
P53778,O60239
P53778,Q13424
P53778,P10636
P53778,P26045
P53778,P15336
P53778,Q8IW41
P53778,P35222
P53778,P16949
P53778,Q14934
P53778,Q12959
P53778,P15172
P08581,P08581
Q15759,P00533
Q15759,P41235
Q15759,Q92945
Q15759,P05787
Q15759,Q02156
Q15759,P30281
Q15759,P17544
Q15759,P30305
Q15759,P42224
Q15759,O60381
Q15759,Q15672
Q15759,P04150
Q15759,Q14934
Q15759,P16949
Q15759,Q01844
Q15759,O75928
P29323,P52799
P29323,P29323
P29323,O94989
P29353,P43403
Q15139,O96013
Q15139,P22059
Q15139,O75628
Q15139,Q9NRA0
Q15139,Q13563
Q15139,O43865
Q15139,Q8NER1
Q15139,P31749
Q15139,P23528
Q15139,Q8WUI4
Q15139,Q92934
Q15139,P19174
Q15139,Q9Y5P4
Q15139,O14558
Q15139,Q96QB1
Q15139,O00206
Q15139,Q9UQL6
Q15139,P43405
Q15139,P05412
Q15139,Q99814
Q15139,Q9UBF8
Q15139,Q14247
Q15139,P05549
Q15139,P27986
Q15139,P00533
Q15139,P04792
Q15139,P35222
Q15139,P16144
Q15139,P53367
Q15139,P16220
Q15139,O60602
Q15139,Q9ULH0
Q15139,Q7KZI7
Q15139,P19429
Q15139,Q8WYL5
Q15139,Q9Y3E5
O96013,P62826
O96013,P49023
O96013,Q92934
O96013,Q92974
O96013,O96013
O96013,P04637
O96013,P18084
O15530,Q16513
O15530,P31749
O15530,P36507
O15530,Q02156
O15530,Q96BR1
O15530,Q02750
O15530,Q9UBS0
O15530,Q15418
O15530,Q15349
O15530,P17612
O15530,O15530
O15530,Q05513
O15530,Q05655
O15530,P05106
O15530,Q13153
O15530,Q16512
O15530,Q9Y243
O15530,Q9HBY8
O14965,P12755
O14965,Q9NWT8
O14965,O15350
O14965,Q8TEW0
O14965,Q49MG5
O14965,Q15398
O14965,Q02224
O14965,O95983
O14965,Q9UNN5
O14965,Q9ULW0
O14965,O43521
O14965,Q9NS23
O14965,Q8NHV4
O14965,P11233
O14965,P53671
O14965,Q14203
O14965,Q13563
O14965,O75496
O14965,P53350
O14965,Q9HC77
O14965,Q9GZM8
O14965,P30305
O14965,Q96GD4
O14965,Q9Y6A5
Q9UHD2,Q04206
Q9UHD2,P31749
Q9UHD2,Q9UHD2
Q9UHD2,P06213
Q9UHD2,Q14653
Q9UHD2,Q01094
Q9UHD2,Q92985
Q9UHD2,Q86WV6
Q9UHD2,Q5S007
Q9UHD2,Q96FA3
Q9UHD2,P42226
Q9UL54,P46734
Q9UL54,P52564
Q9UL54,Q9UL54
P46734,P46734
Q9Y6E0,Q9Y2H1
Q9Y6E0,Q8TAE6
Q9Y6E0,Q15208
Q9Y2H1,O60285
P52333,P42224
P52333,Q15717
P52333,P52333
P52333,P23458
Q15418,O75030
Q15418,P30305
Q15418,P23588
Q15418,O14757
Q15418,Q92882
Q15418,P78371
Q15418,Q96RK0
Q15418,Q9HC62
Q15418,P22736
Q15418,Q8TB45
Q15418,P30307
Q15418,P29317
Q15418,P53355
Q15418,P01100
Q15418,P49815
Q15418,Q9UBP6
Q15418,P50549
Q15418,Q92570
Q15418,Q8IX03
Q15418,P16144
Q15418,P67809
Q15418,P42345
Q15418,P50552
Q15418,P13796
Q15418,P49841
Q15418,O60343
Q15418,Q15418
Q15418,O14727
Q9BXM7,Q9Y2N7
Q9BXM7,Q9BXM7
Q9BXM7,O43464
Q9BXM7,O60260
Q9BXM7,Q8IXI2
Q9BXM7,O15379
P10644,P04439
P04626,P00533
P04626,O43157
P04626,Q9BXH1
P04626,P04626
Q07912,P42768
Q07912,P10275
Q07912,Q9Y4C1
Q07912,Q07912
Q07912,P56945
Q07912,P31749
Q07912,Q9NZC7
P48730,P35222
P48730,Q00987
P48730,P49810
P48730,Q9GZV5
P48730,O15055
P48730,P27707
P48730,O14641
P48730,Q96T88
P48730,O15169
Q14012,P16220
Q14012,Q9UQL6
Q14012,O43432
Q14012,P57059
Q14012,P24844
Q14012,P18846
Q14012,Q9NP62
Q14012,P17600
Q14012,Q9UKV0
Q14012,P29475
Q14012,P49757
P53667,P53667
P53667,Q9Y281
O43318,Q15750
O43318,Q01094
O43318,Q8WUI4
O43318,Q8IVT5
O43318,P52564
O43318,O14920
O43318,Q9UQL6
O43318,P84022
A0A024R1D8,P30411
A0A024R1D8,P35372
P31751,Q00987
P31751,Q9Y3M2
P31751,Q9GZV1
P31751,P15311
P31751,O60331
P31751,O43464
P31751,Q9NZJ5
P31751,Q7Z6J0
P31751,P04792
P31751,Q9H0H5
P31751,P30405
P31751,P49760
P31751,P35222
P31751,Q9Y4I1
P31751,Q86YS7
P31751,P04406
P31751,Q9H0K1
P31751,Q14315
P31751,O15111
P31751,Q13541
P31751,Q6ZWJ1
P31751,P55211
P31751,P15056
P31751,Q15365
P31751,Q13243
P31751,P49841
P31751,Q96F86
P31751,Q99697
P31751,P98177
P31751,O43524
P31751,Q9UBK2
Q96GD4,Q9NQZ2
Q96GD4,P14136
Q96GD4,Q9UJ70
Q96GD4,Q9Y2R4
Q96GD4,Q9UBB4
Q96GD4,Q9H0H5
Q96GD4,Q8IVT2
Q96GD4,Q9BXS6
Q96GD4,P06400
Q96GD4,Q5UIP0
Q96GD4,Q08J23
Q96GD4,P45973
Q96GD4,Q9BQG0
Q96GD4,Q69YH5
Q96GD4,O60879
Q96GD4,P04637
Q96GD4,P17661
Q96GD4,P84243
Q96GD4,P49450
Q96GD4,P35659
Q96GD4,Q9BW61
Q96GD4,O15392
Q96GD4,Q96CF2
Q96GD4,Q9Y5B9
Q96GD4,P78527
Q96GD4,P46783
Q96GD4,Q8WYJ6
Q96GD4,Q9H6F5
Q96GD4,Q9UPY8
Q96GD4,P46013
Q96GD4,Q8IX03
Q96GD4,Q8TEW0
Q96GD4,Q9UQL6
Q96GD4,Q02224
Q96GD4,O95235
Q96GD4,P46778
Q96GD4,Q99661
Q96GD4,Q9NP77
Q96GD4,P38159
Q96GD4,Q02241
Q96GD4,P14618
Q96GD4,Q8WWK9
Q96GD4,Q6NZI2
Q96GD4,Q9H788
Q96GD4,Q96GD4
Q96GD4,Q9H410
Q96GD4,P62917
Q96GD4,Q8IX90
Q96GD4,P82970
Q96GD4,P68431
Q96GD4,Q13315
Q96GD4,P08670
Q96GD4,P56524
Q96GD4,P18615
Q96GD4,Q8NEM2
Q5S007,P46459
Q5S007,Q14155
Q5S007,P61020
Q5S007,O15379
Q5S007,P62841
Q5S007,Q16665
Q5S007,Q99962
Q5S007,P31749
Q5S007,P30048
Q5S007,P10636
Q5S007,P04637
Q5S007,Q13541
Q9Y463,P46527
Q9Y463,Q99801
Q9Y463,P38936
Q9Y463,Q02363
Q9Y463,O75533
Q9Y463,Q9Y463
Q9Y463,P24385
Q05513,P31749
Q05513,Q13469
Q05513,P35568
Q05513,Q16625
Q05513,P27448
Q05513,P14598
Q05513,Q04206
Q05513,Q5JVS0
Q05513,P29474
Q05513,O14920
Q05513,P35580
Q05513,O14965
Q05513,P17252
Q05513,Q07812
Q05513,P35612
Q05513,P30086
Q05513,Q9Y243
Q05513,Q13164
Q05513,P49841
Q05513,P05023
Q05513,P49757
Q05513,P41594
Q05513,P31946
P50750,Q6PGQ7
P50750,P06400
P50750,P37231
P41743,Q92934
P41743,Q6STE5
P41743,P15311
P41743,Q7KZI7
P41743,Q13464
P41743,Q15334
P41743,P51617
P41743,Q9UBS0
P41743,P29474
P41743,Q6P1M3
P41743,Q8TEW0
P41743,P08151
P41279,P00519
P41279,P06748
P41279,O14757
P41279,Q13526
P41279,P36507
P41279,P53350
P41279,P41279
P41279,Q02750
P41279,Q04637
P41279,Q13541
P51955,P51955
P51955,P36873
P51955,P06748
P51955,O14777
P51955,Q5FBB7
P51955,Q9BV73
P51955,Q9H2D6
Q14680,P04637
Q14680,Q15796
Q14680,P23588
Q14680,O15530
Q14680,P30305
Q9H4A3,O95747
Q9H4A3,Q9H4A3
Q9H4A3,Q8N9I0
Q9H4A3,Q15796
Q00536,P10644
Q00536,Q8ND76
P09769,P31040
P09769,P14317
P09769,Q05397
P09769,Q99798
O43293,O43293
O43293,O14950
O43293,P40429
O43293,P04637
O43293,Q96A00
P51948,P03372
A0A173G4P4,P04040
A0A173G4P4,O43586
A0A173G4P4,P25963
A0A173G4P4,P04083
A0A173G4P4,Q15139
A0A173G4P4,Q06609
A0A173G4P4,Q99638
A0A173G4P4,Q9Y6W5
A0A173G4P4,P00519
A0A173G4P4,Q00987
A0A173G4P4,P46109
A0A173G4P4,P11274
A0A173G4P4,P29350
A0A173G4P4,Q9NRQ2
A0A173G4P4,P46108
A0A173G4P4,O15162
A0A173G4P4,O15350
A0A173G4P4,Q00535
P22607,P60484
P22607,P42224
P22607,P40763
Q13627,P37840
Q13627,O75533
Q13627,Q13627
Q13627,O43597
Q13627,Q05193
Q13627,P55211
Q13627,P46821
Q13627,P49768
Q13627,Q96S94
Q13627,Q12778
Q13627,P01106
Q13627,P24928
Q13627,P61764
A0A059VC25,Q05397
A0A059VC25,Q99961
A0A059VC25,P12814
Q9P289,Q9BUL8
Q9P289,Q8TAE6
Q9P289,P15311
PR:000035365,P49450
Q14289,Q9ULH1
Q14289,O15259
Q14289,Q9ULZ3
Q14289,Q05397
Q14289,Q14289
Q14289,O43294
P42681,Q13094
P42681,P42681
P42681,P16410
P24723,P04083
P24723,Q9BZL6
P24723,Q06124
P24723,Q16625
P24723,Q04206
P24723,P29474
P24723,Q15139
P24723,P09211
P24723,P49840
Q00534,Q06830
Q00534,Q08050
Q00534,Q08999
Q00534,P10415
Q00534,Q05682
Q00534,Q01196
Q00534,P46527
Q00534,Q96KS0
Q00534,P38936
Q00534,P35222
P14618,O00161
A0A0S2Z3I6,P32245
A0A0S2Z3I6,P21462
A0A0S2Z3I6,P30411
A0A0S2Z3I6,P05387
Q9H4B4,O43852
Q9H4B4,P05412
Q9H4B4,P37840
Q9H4B4,Q99986
Q9H4B4,P30307
Q9H4B4,P08238
Q9H4B4,P04637
Q13563,Q9BZL6
PR:000008288,Q00613
P29597,Q13651
P29597,P29597
P29597,Q9BZL6
P29597,P42224
P29597,P17181
Q13237,Q15418
Q13237,P49675
Q13237,P32929
Q13237,P49841
Q13237,P53350
Q13237,Q12778
Q13237,P48436
Q13237,P30307
Q13237,P04626
Q13237,P50552
Q13237,P04792
Q13237,Q9UL51
Q13237,P55211
Q13237,P42261
Q5VT25,P24844
Q5VT25,P53667
Q5VT25,P26038
Q5VT25,Q5VT25
Q5VT25,P10916
Q5VT25,P53671
Q96SB4,Q9Y5S9
Q96SB4,Q9BWF3
Q96J92,O95471
Q9UBE8,P40763
Q9UBE8,Q9UBE8
Q9UBE8,Q13485
Q9UBE8,Q15047
Q9UBE8,Q9NQB0
Q9UBE8,Q9UJU2
O60674,Q15118
O60674,P04049
O60674,Q13153
O60674,P51692
O60674,P78324
O60674,P41597
O60674,P00533
O60674,P16410
O60674,O60674
O60674,Q9UQC2
O60674,P40763
O60674,P46527
O60674,P78347
O60674,P28482
O60674,P42680
O60674,Q99683
O60674,P62993
O60674,P84243
O60674,P19235
Q9H2X6,Q9H2X6
Q9H2X6,P17676
Q9H2X6,P56545
Q9H2X6,Q13363
Q9H2X6,P57682
Q9H2X6,P04637
Q9H2X6,P35222
Q9H2X6,Q96EB6
Q9H2X6,O15297
Q9H2X6,P46527
Q9H2X6,Q9H3D4
Q9H2X6,P51608
Q9H2X6,O43255
Q9H2X6,P52945
Q9H2X6,Q9P1Z0
Q9H2X6,P17096
Q9H2X6,P16220
P35916,P51812
Q9Y572,Q9UER7
Q92918,Q9BXL7
Q92918,Q16584
Q13043,Q7L9L4
Q13043,Q9H492
Q13043,O43524
Q13043,Q15208
Q13043,P19429
Q13043,Q13043
Q13043,Q14457
Q13043,Q12778
Q13043,Q9NRM7
P06213,P60484
P06213,P15090
P06213,Q13480
P06213,P51692
P06213,Q92569
P06213,P22681
P06213,P53004
P06213,Q9Y4H2
P06213,P07550
P06213,P29353
P06213,P67775
P06213,P29350
P06213,P35568
P06213,P25963
P06213,Q99704
O95819,P35241
P10398,Q15599
P10398,Q92934
P14635,Q96KB5
P14635,Q06413
P14635,Q92993
Q96KB5,P68431
Q96KB5,Q06830
Q96KB5,P05412
Q96KB5,P31749
P98161,Q8WUI4
P98161,Q15139
P98161,Q9ULH0
P98161,P04792
PR:000003197,Q15796
P53355,O14950
P53355,Q00613
P53355,P40429
P53355,Q13224
P53355,Q96RR4
P53355,P38936
P53355,P25205
P53355,Q16623
P53355,P04637
P11802,P28749
P11802,P04179
P11802,Q06830
P11802,Q9BQA1
P11802,Q14814
P11802,P15923
P11802,Q92879
Q9H0K1,Q53ET0
Q9H0K1,Q9BV73
Q9H0K1,P35568
P21675,P04637
P21675,Q15545
P21675,P52655
B4DS64,P05198
Q09013,P11831
Q09013,P26678
Q6P2M8,P07900
Q6P2M8,O43432
P49760,P49760
Q15831,P49841
Q15831,Q13131
Q15831,Q9H0K1
Q15831,Q96L34
Q15831,Q13153
Q15831,Q9P0L2
Q15831,P54646
Q15831,P57059
Q15831,P27448
Q15831,O60285
Q15831,Q8IWQ3
Q16584,P46734
Q16584,Q13131
O00311,Q9HAW4
O00311,O75475
O00311,P49736
Q9P2K8,Q9P2K8
Q9P2K8,P56192
Q9P2K8,P05198
Q13554,Q13131
Q13554,P49840
Q13554,Q13554
Q13554,P35222
Q13554,P26678
Q13554,Q01970
Q13554,Q12879
Q13554,P14921
Q9NZJ5,P05198
Q9NZJ5,Q9NZJ5
P51451,P31994
P51451,P11912
P51451,P31995
P49336,P51946
P49336,P24928
P49336,P42224
P49336,Q01094
Q7KZI7,P78352
Q7KZI7,Q7L804
Q7KZI7,P56524
Q7KZI7,Q7KZI7
Q7KZI7,Q53ET0
Q7KZI7,Q9H4P4
Q7KZI7,Q9UQL6
P09619,Q13769
P09619,Q06124
P09619,P12931
P09619,P27986
P09619,Q05397
P09619,P34947
P09619,P16234
P09619,Q05655
Q96S53,P60981
Q96S53,P23528
Q96S53,Q9Y281
P13861,P13861
P53779,P30307
P53779,Q5JR12
P53779,P63104
P53779,Q07820
P53779,P61978
P53779,Q06481
P53779,O43521
P53779,Q16600
P53779,P10636
P53779,P29353
P53779,P04150
P53779,P05412
P53779,O60282
P53779,Q93045
Q9UM73,P42768
Q9UM73,P14618
Q9UM73,P62993
Q9UM73,Q86WB0
Q9UM73,Q9UM73
Q9UM73,P23246
Q8TAI7,Q13541
Q9NWZ3,Q9NWZ3
Q13233,P45985
Q13233,Q02750
Q13233,Q13158
O75116,P19634
O75116,O75116
O75116,P24844
O75116,P15311
O75116,P35611
O75116,P68104
O75116,Q99962
O75116,Q96C90
O75116,Q15306
O75116,Q16555
O75116,P35568
O75116,P35241
O75116,P56817
O75116,P29474
O14733,Q13158
O14733,P45984
O14733,Q16539
Q15746,O14950
Q15746,Q05682
Q15208,Q96QF0
Q15208,Q96RD6
Q15208,P46937
Q15208,Q15208
Q15208,Q9BXF6
Q15208,Q9UBF8
Q15208,P38936
Q15208,Q02241
Q15208,Q2M2I8
Q9BV47,Q13158
Q9Y2I7,P31749
P36507,P36507
Q12851,P02810
P54764,P54764
P54764,P19174
Q86Y07,O75531
Q86Y07,P38432
Q86Y07,Q9UHP3
P43250,P61073
P43250,O14745
P43250,O75581
P43250,P08069
P43250,P07550
P43250,P43250
Q9Y243,P04792
Q9Y243,Q92934
Q9Y243,P49841
Q9Y243,Q13043
Q9Y243,O15111
Q9Y243,P16220
Q9Y243,O43524
Q9Y243,O15119
P27708,P27708
Q8IVT5,P04049
Q8IW41,Q15382
Q8IW41,O43524
Q8IW41,O00418
Q8IW41,P25685
Q8IW41,P04637
Q8IW41,Q92599
Q8IW41,P47712
Q15382,P15056
Q13164,P01100
Q13164,O00141
Q13164,P14921
Q13164,Q92886
Q13164,Q13164
Q13164,Q12959
P80192,P80192
P23458,P40763
P23458,P15260
P23458,Q99683
P23458,P42224
P23458,P19525
P23458,Q13651
P23458,P23458
Q96QT4,P35579
Q96QT4,P28289
Q96QT4,Q96QT4
P42684,Q06124
P42684,P42684
P42684,P17931
P42684,O00401
P42684,Q13671
P42684,O14818
P42684,Q9NRY4
P42684,P07203
P42684,P05556
P19525,P06493
P19525,P25963
P19525,P04637
Q96RG2,P13807
Q96RG2,Q96RG2
Q96RG2,P62753
Q96RG2,P52945
P36888,P36888
P36888,P29353
P36888,Q15118
Q96Q15,P04637
Q96Q15,Q92900
PR:000026189,Q15796
P46020,P46020
P26927,Q15208
P26927,Q13043
P22455,P40763
P07947,Q16555
P07947,P11802
P07947,Q16543
P07947,P07947
P07947,Q05397
P07947,Q8TEW0
P07947,P15529
P07947,Q05655
P08631,P42229
P08631,P00519
P08631,P42768
P08631,O60496
P08631,Q13905
P08631,P16885
P08631,O15350
P08631,Q99062
P08631,P22681
P08631,P11274
P08631,Q13444
P08631,Q9UQC2
P08631,P40763
P08631,P19174
P57059,P36956
P57059,P10636
P57059,Q53ET0
P57059,P56524
P57059,P04637
P57059,Q6UUV9
P57059,Q9UQL6
Q8IVH8,Q04759
P52564,O15264
P52564,Q9ULV5
P52564,Q9NQU5
P52564,Q14765
P52564,Q15759
PR:000025963,Q15796
Q96BR1,P49841
Q96BR1,O43524
Q9BZL6,Q9BST9
Q9BZL6,P50552
Q9BZL6,Q01105
Q9BZL6,Q99828
Q9BZL6,Q9UBF8
Q86UE8,Q9Y294
Q9UQB9,O75410
Q9UQB9,P68431
Q9H2G2,P61586
P0C731,Q14653
Q96PY6,P40337
Q02779,P45985
P41240,P09769
P41240,P12931
P41240,Q8TD08
P41240,P07947
P41240,P06239
P41240,O15492
P41240,P42685
O75676,Q04206
O75676,P18846
O75676,P16220
Q13882,Q13017
Q13882,P31749
Q13882,P40763
Q13882,P56945
Q13882,P51692
Q13882,Q9UGK3
Q9P1W9,Q92934
Q9P1W9,P14618
Q9P1W9,P46527
Q9P1W9,P41279
Q15464,P11362
Q13418,O14974
Q13418,Q96A00
Q13418,Q96C90
Q13418,P31749
Q13418,Q8TAE6
Q13418,Q13418
Q13418,O14950
P22392,P22392
Q9Y5P4,Q01955
O95747,Q13153
P01116,Q13233
O94921,O75581
P53004,P53004
O95382,Q16539
O95382,Q99683
O95382,P45983
O00238,Q15797
O00238,Q15796
O00238,O95630
P37173,Q9NPB6
P37173,Q03167
P37173,P37173
P37173,P36897
P37173,P17813
Q8TAS1,P17600
Q8TAS1,P46527
Q8TAS1,Q15637
Q8TAS1,P02686
Q8TAS1,Q9BSJ6
P34947,Q16143
P34947,P06748
P34947,P07550
P34947,P26038
P34947,P04637
P34947,P61073
P34947,O76070
P34947,P25963
P34947,P30411
P34947,P37840
Q00526,P06400
Q00526,Q00526
Q00526,P03372
Q00526,Q5TKA1
Q01538,P06493
P53671,P60981
P53671,P23528
P16234,P12931
P36896,O95551
Q8N4C8,Q96MT3
Q8N4C8,Q15797
O43353,Q13568
P29317,P29317
PR:000029189,P46937
PR:000029189,P26358
Q16644,Q14457
Q16644,P04792
Q15349,P17676
Q15349,Q15349
Q15349,P25963
Q15349,P16220
Q8NEV4,Q8NEV4
Q9HBH9,P06730
Q9HBH9,O43597
Q9HBH9,P23246
P20248,P62324
Q12852,O14950
Q8TD08,P05412
Q9H1R3,Q06413
PR:000037784,P40429
P04413,Q9Y496
O60285,P55212
O60285,O95835
Q9HCP0,Q12778
Q9HCP0,Q04206
Q9HCP0,O75581
PR:000035776,P35222
P51817,P51817
P51817,O43541
O00444,Q96RT7
O00444,O00444
O00444,Q9HC77
O00444,Q969U6
O00444,Q15154
P15531,Q8IVT5
P11274,P27348
P11274,P63104
P11274,Q15366
Q9UIK4,Q8N122
Q9UPZ9,Q9UPZ9
Q9UPZ9,Q8N122
A9UF07,P43351
A9UF07,P46109
A9UF07,P62993
Q9NYL2,Q9NYL2
Q9Y5S2,P35611
Q9Y5S2,P24844
Q9Y5S2,O14974
Q9Y5S2,P26038
P08637,P06239
Q9BX84,Q9BX84
O94804,O94804
O94804,P15311
Q86SG6,Q86SG6
Q6PHR2,Q6PHR2
Q2M2I8,Q9BXS5
Q9UK32,Q15831
Q9BQI3,P05198
Q9NR20,Q9NR20
Q5TCY1,P07437
Q5TCY1,Q13885
Q99759,Q99759
Q99759,P46734
PR:000003057,P26358
PR:000003057,P46937
Q13705,P36896
Q7Z2Y5,P23528
PR:000048327,Q13164
P30291,P24941
Q15300,Q15300
Q9Y6R4,Q9Y6R4
Q9Y4K4,P49841
Q8IY84,Q8IY84
O00329,O00329
Q9Y5Z0,P05067
P22612,Q6PIY7
Q04771,Q15797
O75385,O75385
O75385,O00560
O75385,Q8N122
O75385,O75143
O75385,Q86WV6
Q12866,Q12866
P35968,P35968
Q5TCX8,Q02750
P42336,P23443
P42338,P42338
Q8IWU2,P11216
Q9BXA7,Q9BXA7
P29320,P40763
P42679,P08631
P42679,P06239
P42679,P07948
P42679,P12931
P00540,P08670
P00540,Q02750
Q15303,Q15303
O00506,O00506
Q15131,P15036
Q04912,P08581
Q04912,Q04912
O75716,O75716
K9JYP4,Q04912
O00443,P06730
P07332,P11274
P07332,P46459
Q8N165,P01375
P48736,P07951
P48736,Q01105
O76039,O76039
O76039,Q9HCJ2
O76039,P49418
P35269,P13631
P35269,P35269
Q15119,P29803
Q16288,Q16288
P49759,P00519
P49759,Q96I25
Q9UEE5,P04637
P51449,Q13541
Q9HBY8,O43524
P04629,Q92529
P04629,P04629
P04629,P35222
P04629,P05067
P32780,Q01094
Q16654,P08559
Q16654,P29803
Q15120,P29803
P54760,O75056
Q683Z8,Q01094
Q8IYT8,A2RUS2
Q75MR0,P05198
O14638,O14638
P78362,Q9UKV3
Q9HAZ1,P00519
PR:000003271,O60566
Q9BTU6,Q9HAW4
P54753,P54753
P17948,P17948
Q08345,Q08345
Q8N2W9,P15927
P46108,Q05397
P10721,P10721
Q13546,Q5VWQ8
Q15369,Q02539
Q8IZL9,P24941
P20794,P20794
PR:000029188,P35222
Q6VAB6,Q02750
Q9Y2U5,O14733
PR:000035736,O14920
P30530,P30530
P54762,P54762
P42685,P60484
PR:000025962,P36897
Q01973,P21860
O60885,P24928
PR:000037188,P13569
P07333,P07333
P27361,P49418
Q96GD4,O14950
P23443,Q05195
Q9UQM7,Q00975
O15111,Q14164
Q15418,Q16875
P16591,P46459
O96017,O96017
P68400,P22736
P06213,P18031
P08922,Q06124
P17612,Q12809
P17612,P08151
P07948,O60496
Q16584,P45985
Q16832,Q16832
Q9UBS0,Q6R327
P78527,P12956
P24941,P20248
Q15139,Q9BST9
P17252,P15382
Q05655,O00429
P49841,Q00613
P11802,Q08999
O14757,Q9NXE8
P00519,Q05655
P48729,Q12778
PR:000026196,Q15796
O14920,Q15653
P45983,Q07817
Q16539,P42224
O75582,P84243
P05771,Q03721
P17612,Q9NRD9
P30291,P30291
Q7KZI7,P46939
Q9H2X6,P29590
P06493,Q9NTG7
P31751,Q13188
P28482,Q96LC9
P17252,P06239
Q09013,O14974
Q9UQM7,P46527
P06241,Q06124
Q9P1W9,Q13541
P31749,Q16584
O14757,P52292
P68400,P30203
P07948,Q9HBA0
Q5S007,P62280
Q05655,P15941
Q13976,Q9HCX4
Q13315,Q9BXW9
O14965,Q14194
P24941,Q9NZJ0
A0A059VC25,P49023
O94768,O94768
P49137,Q14134
P50613,P37231
O43781,Q96B36
P17612,Q12798
P27361,P06401
Q9UQM7,P51790
P53350,Q9UJX3
P17252,O14745
O14757,Q14966
P49841,P15924
Q9NZJ5,Q9BY44
P06239,P52735
Q05655,Q14247
P07948,Q13263
Q14164,Q14653
P17612,Q07954
P53779,P16949
Q16584,Q13526
Q15746,P10916
P45983,Q9Y4H2
P31749,P29401
P27361,Q15672
P12931,P23634
Q8NG66,P54132
P05129,Q13224
Q00536,Q00536
P00519,P17931
P53350,P25490
Q683Z8,P30307
O00141,Q99759
P49840,P17812
Q9H2X6,P18846
P53355,O43293
P17612,Q02952
P45984,P29353
P17612,Q16613
Q13131,Q13131
P08581,Q05397
P45984,P68431
P28482,Q01860
P27361,P01100
P45984,Q06481
O14757,Q9UKM9
P17252,P48058
P45984,Q14934
Q15831,Q13485
O75676,P05114
Q9Y243,Q9UKV8
O96017,Q9UQ88
P31749,P30291
Q00535,Q92558
P05129,P41180
P53778,P05787
P49841,Q14494
P51451,P40259
P06493,P05783
P07949,P28482
P31751,Q99683
P24941,Q13118
P42684,Q14247
P00519,Q9H7P9
P06493,Q9H467
Q15418,P46527
Q13153,P19086
P47710,Q04206
Q14164,P10914
P05771,Q5JVS0
P17252,P37802
P41240,P05412
P32298,P32298
P27361,P12980
P51812,P11362
P42345,Q9H4A3
P17252,O96004
P48729,Q12968
P17612,Q01082
P49840,Q92597
P12931,Q68CZ2
Q15418,P30304
Q00535,P15927
Q9Y2K2,Q53ET0
P05129,P41594
P06493,P17661
P68400,P12821
P00519,Q9C0H9
Q00526,P18846
P31749,P41219
P49841,O00327
Q05655,P13796
P68400,Q96PX8
P31749,Q9NWV8
P49841,Q12778
Q02156,P04899
Q13131,O00763
P53350,Q9Y5T5
P49674,P49674
Q13535,P25205
P12931,P09327
PR:000029896,Q14457
P28482,Q9P0K7
Q05655,Q9NPP4
O14965,P40337
O75676,O75676
Q96BR1,Q13045
O14965,Q9NRM7
P27361,Q15788
O14757,Q5JTH9
P53350,Q99661
P31749,Q96F86
Q96NX5,P16220
O14757,P19838
P28482,Q8IUW5
P45984,P98177
P12931,P35222
P31749,Q86V81
P06493,P36956
P05771,Q14847
Q7KZI7,Q9BXM7
P17612,Q06210
O14757,P26373
P28482,Q9C0C2
P06493,P52926
P48736,P48736
O15264,Q13501
Q06187,P78347
P17612,Q9NP97
P06241,P00519
P28482,P05198
P06241,P10586
Q9Y6E0,Q9Y6E0
P06493,P04183
Q96PY6,P21796
P06493,Q8IXJ6
P00533,P19174
P00533,O15455
P00519,O14818
P53350,Q9NYZ3
P48729,Q00535
Q02156,O14920
Q13043,Q9NS23
Q8IXL6,Q9GZV9
Q05513,P60484
P48730,P43629
O00444,O96004
Q13153,P63167
P48729,O75581
P68400,Q9Y237
Q15418,Q15831
P28482,Q9H9S0
P24941,P25098
Q06187,P16220
P25098,P08172
Q13153,Q14247
P28482,Q07820
P49841,P16220
P06241,O75955
Q96GD4,Q8NG31
P28482,Q07343
P17612,O15551
O14757,P38936
P28482,Q8NHW3
O60285,O14974
P05129,Q99418
P49137,P51812
P68400,Q08945
P28482,P31749
P17612,Q9Y2K6
O75582,P50549
P06493,Q13535
P17252,Q92686
P48729,P55957
Q96GD4,Q8TE77
Q16539,O75676
P10398,Q02750
P07948,P30419
Q15418,P49427
P27361,P43364
Q96GD4,P53350
P11802,Q08050
Q13131,P54840
P28482,O94804
Q8NG66,P30304
P28482,Q15700
O75116,P51911
P28482,P11308
Q9H3Y6,Q13882
P00533,P52735
P17252,P18507
O14965,P03372
P43403,Q9UJU6
Q13535,Q06190
Q02763,Q02763
P17612,P04792
Q14012,Q14155
P05129,P49619
P53779,P01106
O75116,Q96A00
P49841,P54132
P68400,O43852
P06493,P29692
P07948,P31995
P17252,Q03060
P17612,P39880
P51812,P46527
Q13315,P12956
P24723,P05107
P17612,Q68EM7
P53350,Q01538
P68400,P12259
P54762,Q8WXD9
P53350,Q12834
P17612,Q86V87
P12931,Q9UN19
P07948,P29350
Q15759,Q01094
Q15418,P03372
Q9UQM7,Q06210
Q9Y478,P29474
Q13153,Q13363
P45983,Q9NRA8
P49760,P18031
P17612,P50402
P68400,Q13509
P06241,P16284
P05771,P49841
P17252,P14598
P68400,P35221
Q99683,P45983
Q16584,Q16584
P31323,P31323
P17612,Q9BY41
P41240,P06396
P51813,P08581
P12931,P49407
Q13315,O95863
P06239,P20138
P48729,P35222
P06213,P42229
Q05513,O43315
Q13882,Q9NRY4
O14757,Q86UE8
O60674,P42229
P27361,P25098
P17612,Q13002
P28482,O43521
P31749,P47870
P43405,O43914
Q16539,P41212
P31749,O15519
P28482,Q96SB3
Q9UQM7,Q05397
P50750,P04637
P07948,P02730
P17612,O43566
O95819,P15311
P49137,P17844
Q6P2M8,P08238
P06241,Q9NQC3
P28482,P51812
Q00535,Q9Y490
Q16566,P16949
Q15418,Q05195
O43683,O43684
P00533,Q14457
P12931,P35790
P53350,P04049
P06241,Q15831
P17252,P35368
P17252,P56537
P12931,Q07954
Q13315,P38398
P68400,Q15185
Q5S007,P35241
A0A0S2Z3I6,P35372
P45983,P17535
Q8IWQ3,P30291
P05129,P61764
Q13153,Q13352
P27361,P17655
P28482,Q6P0Q8
Q05655,O15162
Q00535,P41236
Q15759,Q15759
P31749,O14745
Q13131,Q16526
P78527,P31749
Q9UBE8,Q8N122
O14757,Q9Y520
Q00535,Q9UD71
Q13153,Q96T58
P17612,P51787
P17612,P48544
P52564,P52564
P54646,Q9Y2I7
P23443,O00418
Q14012,P46527
P06241,Q8TDQ1
P31749,P21453
Q05513,Q9UBS0
P28482,Q8IX03
P00519,P63244
P45983,P68431
O96017,P23560
P37023,P17813
Q13131,O75385
Q96GD4,P05204
P28482,O60749
P24941,P24928
O15530,P31751
P17612,P10636
P12931,O75955
Q13315,Q8N680
P05771,Q07869
P27361,Q14934
P45984,P04150
O15264,P78352
P49841,P12524
P51955,O15360
P48729,O60346
P05771,P34741
O14757,Q9Y3Y2
Q13315,Q8TAQ2
Q9UPZ9,P46379
Q9UQM7,Q15796
P53350,P11388
P27361,Q9BUB5
P17612,P23409
P68400,P09958
P28482,Q13322
O95747,P55017
P08581,P29353
O14757,O15151
P17252,P41091
P12931,P15941
Q8NER5,Q15796
P28482,Q9Y4K1
Q13557,Q8WZ42
Q13464,P29966
Q15831,Q9H093
Q8TAS1,P16949
Q5S007,P37840
P06493,Q09472
Q9UQM7,P05783
P17612,Q13085
A0A173G4P4,P55211
P00519,Q13188
P53350,Q2M2Z5
P25098,Q14940
P17612,P54646
P17612,O60479
O60674,O14744
P12931,P00519
O00141,Q92542
P17252,P55042
Q9BZL6,Q13671
P17252,P18031
P00519,P35222
O95835,Q9NQS7
Q13315,Q04206
Q13131,P17600
P17612,P15924
Q16659,P46695
P24941,Q15047
Q92918,Q92918
P12931,P03372
Q13535,P06748
Q06187,P16885
Q13153,P24844
Q7KZI7,Q8TEW0
P68400,P11831
A0A0S2Z3I6,P37840
P51812,Q04206
Q05655,Q9BZK7
P31751,Q13043
P41279,P46734
P24941,Q9BXR0
P24941,O00429
P07948,P06493
P28482,P42702
P12931,P30556
Q05655,O76090
Q13315,P40692
Q13043,Q9H8S9
Q9Y2H1,Q96QF0
O75116,P05067
P12931,P63010
Q05397,Q9H5V8
P00533,P20936
P12931,P34947
P27361,Q07820
P11309,P36888
P12931,Q9H5V8
P11802,P06748
O96013,Q93045
P12931,Q00987
P17612,P04083
P24941,Q96II8
P24941,Q15942
P17612,Q9NYF0
P12931,O15455
Q00535,O60260
O15111,P25963
P25098,P35241
P49841,Q92597
P17612,Q8NER1
P31749,Q00987
O14757,Q12789
P00519,P56962
O14757,Q14669
P00558,Q15118
P48729,Q8TB45
Q8WTQ7,Q8WTQ7
P12931,Q9NYF8
P28482,P01106
O00141,Q6R327
P07948,Q9H792
Q9NYY3,P06748
Q02156,Q9Y5Y9
P17612,O60240
P08581,Q13480
P35626,P51681
P49841,Q01094
P42345,Q9H8M2
P08069,P78324
P12931,P78347
P49840,Q03060
Q92918,Q13094
O00141,P15056
P17252,P01589
P53778,P53778
Q00535,P14416
Q13177,P08670
Q14289,P29474
P17612,O15554
P06493,O00267
P24941,P24864
P53355,Q14457
P24941,P49454
P17612,Q15746
P27361,Q15796
P00519,Q15118
P42680,Q06187
P24941,Q12800
P51812,P16220
P45983,P98177
P31749,Q7L5N1
P41240,P49023
Q15746,P24844
P53350,O60260
Q13153,Q99661
P24941,Q9H7L9
Q9H2X6,P26367
P28482,Q9NRF2
Q16539,O00418
P53779,P31947
P24941,Q9NS91
Q9H4B4,P11388
P28482,Q8IZP0
P52333,P29353
P27361,Q13322
P17612,P05093
P49137,Q9H1R3
O94806,P49841
P06493,Q14CS0
Q9BXM7,P0CG48
Q05397,O43707
P06241,Q03135
P24941,Q92620
P14618,O43684
P00519,P03372
P17612,P36956
P28482,Q8N122
P42345,Q9UQ35
Q14164,O95786
Q16539,P17861
Q9UQM7,P16070
P28482,Q5VZ89
P17252,Q5NUL3
P11362,Q15118
Q96GD4,Q9NS23
P68400,Q9UJY5
Q05655,P63104
P68400,Q04724
P12931,P01889
P27361,P68431
Q13882,Q99704
Q00535,P31146
P49137,P49137
Q13627,P24385
P06493,P12272
P12931,Q13322
P45984,Q5JR12
P06241,Q13322
P49840,Q16555
P49841,P84022
Q13535,Q8TAQ2
P17252,Q9NQ66
P28482,P05787
P23443,Q53EL6
P06241,O43561
Q13315,P00519
P54646,P41235
Q13535,Q14676
P68400,P51946
Q8IWQ3,Q00536
P45983,Q9H2B2
P31749,Q9H6Z4
Q13237,Q01970
P17252,P04637
P17612,Q16531
Q96GD4,Q96PK6
Q13627,P10636
P53350,Q96CV9
P07948,P21854
P06493,O00443
Q13535,Q9H6E5
P68400,Q01892
P24941,Q15910
P24941,P23511
Q96GD4,Q9NQS7
P48730,Q16665
P00519,P42684
P28482,P49795
P07948,Q9Y6Y9
P17612,Q6J4K2
Q9H3Y6,Q9H3Y6
P12931,O60716
P24941,Q9C0C9
P45984,P35568
P68400,P29590
P28482,P49715
Q13131,O95278
Q02156,P17302
O60674,P10912
O14757,Q27J81
P68400,Q9Y4R8
P41743,P04083
P27361,Q15746
O14757,Q9Y4F5
P06241,P51812
P28482,Q14934
P12931,P23528
P45983,P10415
P17252,P29353
P53667,P50281
Q13976,O76074
P24941,Q99626
P12931,Q05586
P48730,P10636
P30291,P07900
P28482,P49815
O14757,P06493
Q13315,Q9NS23
Q9UM73,P40763
P17252,P20020
P53350,O95425
P41743,P27448
Q9H4B4,Q16665
Q05513,O43175
P28482,P40763
Q9UEW8,Q9H2X9
Q14164,Q92844
P06493,P61020
P11802,Q13761
Q13131,P15056
Q9Y2H1,Q9Y2H1
P29323,P10301
P06493,P49418
P27361,P19793
P12931,O14939
P12931,P62993
O95819,P26038
Q13882,P42229
P28482,O60502
P27361,P47712
Q9BZL6,Q13563
P24941,P62136
P45983,P16949
P49840,Q00613
P68400,Q96FW1
Q8TAI7,P31749
P24941,P38936
P27361,P49715
P24941,P38919
O00141,Q09472
Q13418,E9PAV3
P24941,P17676
Q9HCP0,P25054
P45983,Q9NPI6
P00519,P01112
P31749,Q9UBK2
P68400,P42892
Q96QT4,O00418
Q96GD4,Q8NEY8
Q96GD4,Q14980
P31749,P55072
P45984,P30307
Q13315,Q92945
Q13627,Q49AN0
P68400,P13569
P12931,Q9NV92
P12931,P10398
Q13315,P41236
P48729,P62745
P68400,O14958
Q13535,P54132
P53350,Q07817
Q13315,P78527
P17612,P20042
P24941,O75553
Q96GD4,O95239
P53350,O96017
P07948,P14317
Q15119,P08559
Q13315,Q01094
P48729,Q03060
P67870,P55957
P49674,P25054
P49841,Q7KZI7
Q16539,P15923
Q15139,P48426
Q15835,Q5NUL3
P17252,O95243
P24723,P24723
O14757,Q5T8P6
P17252,P11831
O14757,Q53H47
Q9UQM7,Q9UBS5
P09769,P12931
Q13131,P06400
Q15746,Q15746
P00533,Q9UKV8
P28482,P22736
PR:000000019,P03372
P49841,Q9NQX3
P78527,Q14191
P49841,Q8IZQ8
P07947,Q969T9
P34947,P49407
P24941,Q9P2B4
Q13131,O00429
O75582,Q15831
P17612,Q9UBL0
Q05655,Q15139
Q9UKE5,Q9NQB0
P17252,P02686
P24941,Q92547
P17612,O14813
P45983,P31947
Q13177,Q13177
P19525,Q15172
Q9UBE8,Q12778
Q05397,P26010
P31749,P12755
Q86Y07,Q13469
P48730,P30291
Q14164,Q12933
P24941,O60504
P51812,Q14790
P27361,Q14247
O14757,Q96ST3
P35626,P41146
P07948,P15391
Q14680,P84022
O75716,Q9Y295
P11802,Q96KS0
P00519,Q92769
P06241,P37840
Q13315,P54132
P49841,P23760
P49137,Q16875
Q5TCY1,P10636
P24941,Q8WWY3
P49137,P26651
P49137,P11831
Q13237,P29474
P31749,P49840
P28482,P48634
P17612,P36955
P28482,Q86UU1
P28482,Q8IVF2
P28482,P49137
P17612,O14936
Q00535,O43602
P12931,P07949
P45984,P19419
P12931,P35579
Q16566,Q04206
P31749,P23396
P68400,Q06265
Q13464,Q9NRY4
P68400,Q04206
P68400,O75822
P12931,P06733
Q00526,Q12800
P17612,Q14103
P24941,O94776
P78527,O43918
P27361,P28562
P53350,O60285
P06493,Q9H1A4
P43405,P29353
P15531,P15531
P17612,P42261
Q15831,Q7RTN6
P24941,Q8NBZ0
P06241,Q15417
Q16539,P49841
P07948,P11274
P43250,P37840
P49137,Q6JBY9
Q13535,Q14674
Q15418,Q92934
P06493,O95997
P17252,O94806
P24941,P48634
P27361,O00429
Q13627,P53805
Q05513,Q8IX03
P27361,Q8N9N5
O14965,P61978
O75582,P22736
P48729,Q04206
P17612,P17661
P24941,P23258
P53779,Q9UPT6
P17612,Q9NS28
P17252,Q13522
P06241,P43146
P49841,P16401
P24941,Q00536
Q9NRM7,Q9NRM7
P53350,Q9UJX2
P07948,P12318
Q13554,Q13224
P68400,P60484
Q9UQM7,Q12959
P31749,Q9UKV3
P31751,P49815
P00533,P18031
Q5S007,Q5S007
O94921,P37802
Q05655,P41594
Q96NX5,O43432
P06213,P06213
O94806,P49840
P06493,P12270
P06493,Q01581
P28482,Q15596
P00519,O00213
P68400,Q01105
P27361,P11362
P68400,O75379
P06493,P52948
P31749,Q99502
P27361,Q16665
Q05655,P61978
Q14164,O43524
Q13882,Q96P48
P49137,P16220
P27361,Q01892
P17612,Q13131
P23443,Q06787
Q9UQM7,P35367
P27361,P53355
P17612,P11473
Q9UQM7,P48058
Q13315,P49917
P27361,P29353
P00519,Q06609
P17252,P05107
P54646,Q9UQL6
P34947,P50502
P49840,Q9NZ72
P17252,Q15762
P31749,Q99697
O75116,Q92673
P17252,O75689
O14757,O14757
P68400,Q13371
P27361,P13631
P68400,Q06787
Q13555,P17600
Q00535,O75553
P06493,Q9H8V3
P29597,O15304
P68400,O60936
O75582,Q7L7L0
Q13131,Q13085
Q14012,Q9UQM7
P05129,Q14155
P04626,Q96N67
Q9P1W9,P01106
P28482,P32004
Q15139,Q15276
Q96RG2,P68104
P49840,P13807
Q06187,P42768
P45985,Q16539
P17612,Q05469
Q07912,Q9Y5X1
P12931,P13688
P31749,Q5VWQ8
P00533,Q9UBN7
Q9UHD2,Q9BRV8
Q02750,P27361
O75582,P40763
Q9UEW8,Q9UP95
A0A173G4P4,Q06187
O75385,A2RUS2
P28482,Q05209
P17252,P10451
P51813,P11362
PR:000003271,O43683
P28482,Q92793
P43250,Q15722
Q13418,Q13765
P27361,Q13480
P24941,P30050
Q13555,P18846
Q99683,Q16539
P48729,Q9NRF8
P36894,Q15797
P06493,Q8NFH8
P49841,P56524
P11802,Q12778
P53350,Q8TEP8
P53350,Q02750
Q13535,Q8N163
Q15300,P40763
Q15139,Q13936
P29323,Q13224
P78527,P23025
P26927,P33778
Q15831,P43268
P12931,P07737
Q13976,Q92934
P24941,Q4VCS5
P24941,Q99607
P43405,P11912
Q13535,Q8WVB6
P29322,P29322
P17252,P61764
P16234,P16234
P42345,Q9BPZ7
Q05513,P08047
P17252,P29972
PR:000049999,Q13239
P24941,Q9NXR1
Q13164,Q14814
P24941,Q9NSV4
O96013,P35222
P49759,P18031
Q96GD4,O00566
Q13177,P00519
Q9NYY3,Q9HC77
P35916,P29353
P68400,O95905
P27361,P35658
P68400,P05412
P24941,Q9UKY1
P68400,P17096
O14965,P38398
P53350,Q12888
Q16539,Q92993
Q8IW41,P31152
P28482,Q9UNA1
P28482,Q8N1G1
Q9UQM7,Q4G163
Q96J92,Q9UEW8
O43293,P24844
Q13315,Q96T60
P27361,P27708
P15056,P68104
Q02156,P46940
P45984,Q07817
P17252,P00533
P06239,P06239
P31751,P98170
P27361,Q9UQC2
Q16539,Q9NQU5
Q13976,Q13507
P23443,Q15831
O95835,P46937
P24941,Q5TZA2
Q13535,Q10567
Q9Y243,P29474
P27361,P61978
P07949,P31749
O14757,Q7Z2Z1
P49336,Q15797
Q6A1A2,O00141
Q9P1W9,P38936
P45983,Q07820
P04049,O14974
P17252,Q06481
Q05655,P04792
O00506,Q9BUL8
O96017,O00716
P51812,P25963
Q13976,P19429
P53350,Q99741
P17252,Q01954
P27361,Q8IX03
Q2M2I8,Q96CW1
P25098,P26038
Q38SD2,Q96SN8
Q99986,O60934
Q9UEW8,Q9UEW8
P05771,P06127
Q13627,P04637
P49137,P31749
P43405,P12318
Q00526,P43629
Q13627,Q52LA3
P29597,P63244
P28482,P49841
P49137,P35900
P24941,P33993
P31749,Q9P0V3
P31749,Q9BWT1
Q9BZL6,Q9BZL6
P48729,P56817
P07332,P07332
Q13177,P49023
P17252,P55273
Q13535,P30307
P17252,O60825
Q16539,P38936
P68400,Q15287
P49137,P27815
P06493,O15287
P17252,P08684
P17252,P09211
P31749,Q15121
Q08881,O43561
Q13163,Q13164
P78527,Q9H9Q4
O14757,O75151
P04629,P29353
P12931,Q8IXH7
P27361,P78347
P05771,P17677
Q05655,P35611
P17252,Q15121
P41240,P06241
Q13131,Q6N021
Q96GD4,Q8TF76
P31749,Q13541
P68400,P16949
P68400,P30260
P67870,P55010
P00519,P16333
P41240,P08631
P49841,P22670
P49137,Q13151
O14757,Q13257
P06493,P27816
Q683Z8,P04637
P68400,P37840
Q16539,O43255
Q16539,P68431
P41279,Q99558
P06493,P04179
P06241,Q12879
Q14012,P05783
P11362,Q14247
P06493,Q96T23
P27361,Q07866
Q13535,P38398
Q13153,Q7Z628
P68400,Q9UNN4
P05771,Q16625
P31749,Q3V6T2
P06241,P16885
P53779,O95644
P05129,P06730
P35916,P35916
P28482,Q04637
Q15139,Q14896
P24941,P82970
Q9NWZ3,P51617
Q13976,Q684P5
Q96GD4,P98179
P24941,Q07820
P28482,Q96I25
P68400,Q14005
Q08881,Q08881
P28482,P49585
P06493,Q9Y2I6
P11802,P84022
O43318,O43318
P07948,Q9UN19
P12931,P33151
P27361,O60244
Q16539,P17302
P24941,Q01196
Q8TDC3,P30305
Q13131,Q13621
Q13153,P08670
P24941,P15923
P06493,Q8NEB9
P25098,P15311
P28482,Q92974
Q13315,Q86U86
P28482,P17480
Q96GD4,Q8WWI1
P68400,Q92598
P28482,Q6P996
P49841,Q13541
P07948,P33993
P22694,Q6PIY7
P67775,O43524
P68400,Q9UD71
P06493,P02545
O14965,P25963
P24941,Q14202
P36507,P28482
P00519,Q06187
O14920,Q9Y6K9
P42345,Q9NQG5
Q13535,Q9Y248
P06493,Q96T88
Q13555,P48058
Q05513,P35611
O14920,P04637
P52333,O95644
P12931,P02786
Q13882,P49023
P06493,Q9NTI5
P12931,Q96KB5
P28482,P46821
Q13177,Q9BUB5
P28482,Q96BY7
Q9UM73,P31939
O75116,P08670
P41743,Q14247
P24941,P26358
O14757,Q9BRD0
P51812,Q14934
P68400,P61244
Q00535,Q9UQL6
Q13315,P51532
P27361,Q86WB0
P08631,Q92556
P17612,Q92736
P06241,A8K4G0
O96013,Q15796
P28482,Q9BQG0
P17612,P48050
Q14680,O15105
P52564,P53778
Q14289,Q658W2
Q13535,Q96SD1
P06241,O75674
P17612,O60928
O75116,Q15417
Q13627,Q07955
P23443,Q09161
P24941,Q2NL82
P17252,P34741
P17252,Q07954
Q05655,Q9Y2R2
P29597,P51452
PR:000029189,P35222
Q13976,P41220
P06493,Q9NQR1
P51812,Q15831
P28482,Q8NEL9
Q16539,P05198
P06239,P15941
O14578,P24844
P27361,P51168
Q15831,Q15831
Q13315,P46379
Q9NRM7,P46937
P06241,P06127
Q02156,P46459
P06239,P07766
P28482,Q08499
Q13315,Q8TAQ5
Q9UHD2,P25963
P06239,Q13444
P17252,O95471
P11802,P38398
P24941,Q14839
Q16566,P14866
P06241,Q13224
Q02779,P15923
Q13153,O14965
P06241,P30419
P27361,Q16204
P12931,Q13177
Q8IVH8,Q8IVH8
P41240,P16284
P11802,Q8IZL8
P17612,P37802
Q15349,P32004
P09619,Q07912
Q13627,Q96EB6
P17252,Q01844
Q05655,Q16206
P49841,Q9Y6H5
P06493,P20700
P00533,O14964
P17252,P08567
P43250,P25963
P42345,Q9H063
Q15120,P08559
Q02156,Q9BZL6
Q9UKE5,Q9UKE5
Q13315,Q07021
P68400,P45984
O96017,P16403
P24941,Q5T5Y3
P51812,P10636
P48730,O43312
P05771,P41594
P17252,P19174
P05129,Q7Z2E3
P68400,P03372
Q05513,P10636
P00533,P11171
P31749,O14492
P51812,Q06413
P24941,P46527
P68400,P05549
P31749,Q9BVI0
P31749,Q13153
P48730,P37840
O60674,Q14765
P68400,P54274
P19525,P19525
P45983,P61978
P15056,P36507
P17612,Q12802
P53350,Q13526
P06239,Q99704
O14757,Q99590
Q99683,P38936
Q15418,P84243
P07949,P27361
P68400,Q15019
P49841,O15294
Q13555,Q13555
Q5S007,O95295
P12931,P40763
P68400,P04637
P12931,Q13435
Q15139,Q92918
P28482,Q8TDM6
Q14012,Q05469
Q13131,Q86TI0
P12931,P18433
P28482,P15391
O14757,Q9BQG0
P05771,Q06124
P17252,Q8TD43
P51451,P12318
P11802,P43694
Q13315,O15360
Q13464,O14974
P06241,Q96J84
Q00535,P16949
P41279,P26038
Q05513,P61587
P23458,P52630
P12931,Q8WWM7
P17252,P48067
P31751,P16220
P24941,Q86T82
P24864,Q8TDN4
Q05513,Q15466
Q02750,P17542
P06493,Q09666
Q13315,O43504
P12931,P63000
Q8IW41,O60229
Q13315,Q92878
P15531,Q969H4
Q9H2X6,O00257
P17252,P08670
P23443,Q9BYV9
P06493,P06493
P17612,P35568
P06241,P11274
Q05513,Q12933
O00141,P28482
P23443,Q9H3D4
P31751,Q92934
Q16539,P28698
Q02750,P15172
P06493,Q06481
Q13464,P48436
P17612,P48549
Q13131,P36956
P04049,P28482
P48729,Q13158
P24941,Q9BZL4
Q05513,Q7KZI7
Q96GD4,O00571
P49841,O00429
P68400,O15392
P28482,P49418
Q16620,Q92529
P24941,O43395
O95218,O95218
P31749,P18031
O14757,P84243
O14965,P06748
P12931,P10275
P17612,P35236
P49841,P35612
P06213,P35232
P68400,Q9Y624
P06493,P67870
Q13315,Q9NQS1
Q08881,P51813
P31749,P24941
Q13164,Q13163
P54753,P32004
P51813,Q16611
Q9Y572,Q8NB16
P23458,P35568
P17252,P11388
Q9H4B4,P62258
Q13131,Q9P2M7
P00533,P48050
P45984,O60239
P27361,P16220
Q9P1W9,P49815
Q9NYY3,P37840
P17252,P13726
P27361,Q13164
Q13523,P19419
Q00535,Q8NEB9
Q05655,P25098
Q00535,P35968
P17252,A0A024R2E4
P24941,Q7Z417
P24941,P12272
P42679,P78324
P49674,Q9BZL6
P52564,Q16539
P31749,Q96HP0
Q9UQM7,P55042
P06493,P30291
P06493,P50613
P45983,Q13950
P51812,P67809
Q05655,P07108
P17252,P35900
P06493,Q15717
P06493,P63279
P29323,Q92823
P49674,P12830
P28482,P37231
O14965,Q8WV24
P24941,Q53GL7
Q16539,Q07666
P49841,Q14896
P12931,P29317
P10721,Q9GZY6
P05771,P15336
Q96GD4,Q17R91
P48729,P02730
Q13315,Q99801
P68400,O15266
Q16539,Q9UIG0
Q9UQM7,O15273
Q13535,P35568
P53355,P09493
Q13315,O94916
P10721,P42224
Q8IW41,P07101
P12931,P67775
O43318,P56524
P31751,P28906
Q13464,P61587
P51812,P22736
Q9P1W9,Q9P1W9
O14757,Q9NUU7
Q13153,Q70Z35
O60674,P42224
P28482,P12980
O14920,Q9Y4G8
Q13535,P28340
P12931,Q13813
P17612,P35222
Q14012,Q14012
P28482,Q53EZ4
P17252,Q12809
Q00535,O14939
Q05655,P12830
P00519,P01106
P06493,Q13188
P17612,P18846
P12931,P22001
P45984,P10636
O96017,P04637
P45984,P16104
P24941,Q05516
P17612,Q9NPC2
Q86UE8,Q9NVP2
Q15831,Q9NRH2
Q15418,Q07889
P49841,P16471
Q9H4B4,Q16143
Q13315,P35637
P28482,Q9NRA8
P49674,P35222
P31323,Q14847
P35626,P07550
Q13177,Q70Z35
P12931,P51812
P24941,Q03252
O14920,Q13568
Q13153,P42229
P31749,Q9BPZ7
Q16539,P04150
Q15382,P04049
P06213,Q658W2
P28482,O95863
P24941,Q02539
P17252,Q8N726
P06241,Q9NZA1
P17612,O95644
P33981,P07900
P43403,P15941
P07949,P45984
P28482,P46695
P17612,P17752
P24941,Q9P2D1
P36507,P27361
P17612,P07900
P06241,Q05397
O75385,Q13131
P42680,Q99952
Q15418,P60983
P45983,Q13043
P51812,Q16695
P12931,Q13283
Q05655,P49023
P68400,P00736
P17252,P16150
Q13976,Q96D31
P54646,P28562
P00533,P42224
P12931,P98175
Q2M2I8,P49757
P24941,Q8IWS0
P17252,P17844
P24941,O00571
O00506,Q9BSQ5
P45983,P30305
Q13315,P15336
P05771,Q16236
P17252,P50552
P17612,P62834
Q13555,P40763
O14757,Q6UB98
P17612,P08034
P00519,Q9H3D4
P48729,P55316
P28482,Q969V6
P17612,Q9HC16
Q13555,P10276
P31749,P35240
P49841,P24864
Q96KB5,P25963
P17612,P07949
P07948,O15492
P17252,P49768
P17612,P0DN86
Q16539,P49137
O14757,P43243
P68400,P27540
P31749,Q09472
P31749,P35226
P45983,Q05639
Q05513,Q05513
P27361,Q02447
P24941,Q9H9C1
P48729,Q9BXL7
P24941,O60271
Q13315,P25205
P41279,P16220
Q9UQM7,P17676
P24941,P38398
P24941,P61978
P00519,P46108
P45983,P31946
P41279,P35241
Q13976,P11831
Q96BR1,Q96PU5
P06213,P0DP23
P49841,Q9UBN7
P17252,P41143
P17612,Q08493
P31751,Q92945
P00519,O15151
P24941,Q14207
P31749,O60285
P09769,P68400
P17612,P04626
P49841,P04150
P53350,Q6PGQ7
Q8IWQ3,Q13131
P41743,P50613
Q15759,Q8IW41
P11802,P17480
P49840,Q13563
P17252,Q8NFA2
P17252,O15519
Q6SA08,P16220
P50750,Q9H0D6
O75943,Q13535
Q13233,P52564
P09619,Q13480
P12931,P29350
P53350,Q13042
P24941,Q8TAP6
P28482,Q09472
Q15759,O00418
P06493,P30307
Q13043,O95835
P00533,P12004
P43405,Q13261
Q13315,P15927
Q05513,P55040
P31749,P84243
P05771,Q13224
P12931,Q9H2X6
P49841,Q9H0B6
O14757,Q9BY77
P43250,P30411
P68400,Q9UBN7
P05129,Q5JVS0
P17252,Q92681
P00533,P07948
P17252,P45379
P17612,P60983
P06239,P03372
P33981,P00519
P68400,P51636
Q13131,O60825
P51955,Q8N137
P42685,P38398
P06493,P49450
P31749,Q04912
P53779,P54259
P27361,P36956
Q9UQM7,Q9UQM7
P17252,P10588
Q9UQM7,Q14653
Q9UQM7,Q9Y4D2
O14757,P30305
Q05655,P26010
P31749,P15976
P24941,Q8WYH8
P28482,P10828
P28482,P14921
Q13177,Q16659
P43405,P16885
P49841,Q9UKT5
O14757,P51587
P68400,P35579
P17252,Q13574
P49841,P03372
Q13315,Q96J02
Q96GD4,Q09666
P06241,Q16539
P23443,P23588
P17612,P0DMV8
P28482,Q9NXR1
P48730,P02810
Q9Y243,P55211
Q16539,P78356
Q9UBE8,P46937
P17612,P10276
P49137,P05783
O75385,Q7Z3C6
Q9NRM7,P00519
P28482,P84022
P23458,P29597
P17252,P00749
Q13315,P60484
O14965,Q14511
P12931,P56945
Q9UIG0,P16104
P34947,P34947
P17252,O15350
P24941,P03372
P08581,P09874
P24941,P15927
Q05655,P10588
Q06187,P42680
Q15418,Q9H6Z4
Q05397,Q9Y2X7
Q8IWU2,P13569
P31749,P08047
Q13153,Q14155
P28482,P12036
Q14164,Q9NQC7
O15111,P19838
P00533,P00533
P17612,P15336
P49841,P53805
P31749,Q13322
P68400,Q13426
O15111,P42345
Q00536,P46527
P54762,Q92823
P08069,P46108
P06493,Q9UBF8
P12931,P19022
O14965,P68431
Q99986,P04637
Q13464,Q8N264
P07948,P42680
P06493,Q96EB6
P24941,O75616
P06493,Q13950
Q9UQM7,Q86UR5
P28482,Q07869
Q9BS79,Q9BXW9
Q05655,Q92793
Q05655,Q9NRY6
Q14164,P25963
P17252,P48048
Q9UL54,P19419
P31751,Q96B36
P04626,P35222
P12931,Q16832
P06493,Q14202
P00519,O60260
O15111,Q00653
P28482,P00533
P48730,P46937
P24941,P10412
P17612,Q9ULJ8
P45983,P37231
P16591,Q14247
P48729,P18846
P27361,P10275
P12931,P32004
P08069,P07550
Q8IWQ3,P30307
Q16539,Q06330
P23443,Q9UN36
P06241,P40259
P68400,P19447
Q13627,O43524
P53778,P30307
P06493,Q9NQS7
P57059,Q6UUV7
PR:000000104,Q00613
P17252,Q9BQE3
Q00537,Q00537
P42336,P32927
P06493,Q14C86
P17612,O14965
Q16539,O60381
P28482,O43623
O15530,Q99683
P06241,O43294
P29320,P29320
P41743,Q969H0
P17252,P36897
P00519,P15391
P06239,P15498
P12931,P11413
P68400,Q15555
Q9UQM7,P16949
P54646,Q13085
P06493,O60566
P12931,Q3V6T2
P11362,P51812
P00519,Q9BX66
P24941,Q9H425
Q8N5S9,Q13131
Q96RR4,Q96RR4
Q96RR4,Q96EB6
Q9UQ88,O95238
Q9NYV4,P24928
P78368,P84022
P19784,P35222
P19784,P24534
P19784,Q92769
P19784,P13349
P19784,P18031
P19784,P21673
P19784,P04818
P19784,P42768
Q92630,Q14194
Q92630,Q14195
Q92630,Q13541
Q92630,P04637
O00418,P13639
O00418,O00418
Q86Z02,Q9UER7
P31152,Q8IW41
P27448,Q8WUI4
Q9BUB5,P09651
Q9BUB5,P47712
Q9BUB5,Q9NP80
Q9BUB5,P23246
Q9HC98,P50613
Q9HC98,P23443
Q9HC98,P40763
Q8TDX7,P23443
Q8TD19,Q8TDX7
Q8TD19,Q8TD19
O75914,Q05682
O75914,P04049
Q9P286,P15976
Q99640,P06493
P22694,Q92934
P22694,P08138
P22612,Q92934
Q04759,Q15052
Q04759,Q92934
Q04759,Q9BXL7
Q04759,Q13191
Q04759,P26038
Q04759,O14974
Q04759,P35241
O14730,Q9BYX4
Q13188,Q9NRM7
Q13188,Q9H492
Q13188,Q9H8S9
Q13188,P17252
Q13188,Q9H4B6
Q13188,Q13188
Q7L7X3,Q13188
Q6IQ55,Q7L0J3
Q9BYP7,P55011
Q9BYP7,Q9UHW9
Q13188,P00519
P19784,Q13085
Q99558,P61160
Q8N5S9,P31749
P19784,P55087
Q9NQU5,P10275
P19784,P32121
P22694,P30518
Q8IV63,O75531
O14874,P12694
P78368,Q14457
Q8N5S9,Q8TDC3
P19784,Q9NZU7
Q96RR4,Q14012
Q8N5S9,Q8IU85
Q96RR4,Q8IU85
Q8N5S9,Q16566
Q96RR4,Q16566
Q92630,Q9Y2V2
P19784,O14958
P19784,Q03135
P22694,Q13185
P22612,Q13185
P27448,P30307
Q9UQ88,P21127
Q9NYV4,Q9NYV4
Q15569,P23528
Q15569,Q9Y281
Q99558,O15111
Q6P5Z2,P30622
P19784,P09497
P78368,Q9Y5P4
P19784,Q03060
P19784,P67870
P19784,Q9Y5B0
Q9HC98,Q08345
Q92630,Q16555
Q9BWU1,O00303
Q9BUB5,P06730
P19784,Q13541
Q04759,Q09472
P19784,P84090
Q04759,P15311
Q04759,P15407
Q92630,P10070
Q9HC98,Q05586
Q04759,P41594
P19784,P52655
P19784,Q9UNN4
Q92630,P13807
Q04759,Q5JVS0
P19784,Q13547
P19784,P17096
P19784,Q00613
Q9HC98,P0DMV8
Q04759,P32942
Q99558,O14920
Q04759,O14920
Q04759,P35568
Q92630,P05412
Q92630,O75449
Q9HC98,P52732
P19784,O43896
Q6IQ55,O00139
Q04759,P01116
Q13188,O95835
Q9NQU5,P53667
O75914,Q02750
P31152,P31152
Q92630,P10636
Q7L7X3,Q7KZI7
Q9NQU5,Q00987
P19784,P11836
P22694,Q14896
P22612,Q14896
P19784,P01106
Q92630,P01106
P19784,P04198
O75914,Q9UM54
Q8TD19,Q8NHV4
Q13188,P51955
Q8TD19,Q9HC98
Q99558,Q00653
Q99558,P25963
P22694,P43699
P19784,Q99801
P22612,P29474
Q04759,P29474
Q9HC98,P52948
Q9NQU5,Q9BY11
Q86Z02,O60829
Q9BWU1,Q13153
Q9P286,Q9P286
Q9NQU5,Q9NQU5
Q04759,O15530
Q16816,Q16816
Q6P5Z2,Q6P5Z2
Q14004,P24928
Q9HC98,P14859
P19784,Q9UD71
P27448,P41236
P19784,Q12972
Q96RR4,P54646
P22694,P22694
Q04759,Q04759
Q92630,P43686
P19784,P60484
Q04759,Q9Y4G8
Q04759,O95267
Q04759,Q8IV61
Q13188,P18754
P19784,P49795
P19784,Q01105
Q92630,O43255
Q9BYP7,Q13621
P19784,P37840
P19784,Q01892
P19784,P10451
Q9BUB5,O43597
Q04759,Q9UEW8
Q9Y3S1,Q9UEW8
P19784,Q16623
Q92630,Q9UHD2
Q9P286,P15923
P19784,Q6FHW4
Q8TDX7,P54274
O75914,P19429
Q96S44,P04637
P19784,Q712K3
Q04759,O43516
Q9Y3S1,Q9H4A3
Q13188,P46937
